Label,x,Site,Y,X,Z,Valid,Manufact.,Type-generator,"Power, rated",Rotor diameter,Hub height,Row data/Description,Creator,Name,User label,Result,Efficiency,Regional / Correction Factor,Equivalent roughness,Free mean wind speed,HP-value
1,New,H,"1,513,679","7,037,097",427.2,Yes,Vestas,V105-3.0 at 80m,"3,000",105,80,"Envision V105-3.0MW 3000 105.0 !-! hub: 80,0 m (TOT: 132,5 m) (1164)",USER,Power Mode = 3000; Serrations = True; High Wind Operation = True,HOC-10,"6,311.13",91.5094,1,,6.15,92.5
2,New,H,"1,513,858","7,039,015",460,Yes,Vestas,V105-3.0 at 80m,"3,000",105,80,"Envision V105-3.0MW 3000 105.0 !-! hub: 80,0 m (TOT: 132,5 m) (1165)",USER,Power Mode = 3000; Serrations = True; High Wind Operation = True,HOC-11,"6,705.60",80.7433,1,,6.64,93.1
3,New,H,"1,513,175","7,040,011",431.9,Yes,Vestas,V105-3.0 at 80m,"3,000",105,80,"Envision V105-3.0MW 3000 105.0 !-! hub: 80,0 m (TOT: 132,5 m) (1166)",USER,Power Mode = 3000; Serrations = True; High Wind Operation = True,HOC-12,"6,652.34",86.5798,1,,6.42,92.8
4,New,H,"1,514,436","7,039,734",451.2,Yes,Vestas,V105-3.0 at 80m,"3,000",105,80,"Envision V105-3.0MW 3000 105.0 !-! hub: 80,0 m (TOT: 132,5 m) (1167)",USER,Power Mode = 3000; Serrations = True; High Wind Operation = True,HOC-13,"6,521.04",81.4497,1,,6.54,92.9
5,New,H,"1,514,564","7,037,843",455.1,Yes,Vestas,V105-3.0 at 80m,"3,000",105,80,"Envision V105-3.0MW 3000 105.0 !-! hub: 80,0 m (TOT: 132,5 m) (1168)",USER,Power Mode = 3000; Serrations = True; High Wind Operation = True,HOC-14,"6,939.22",82.2327,1,,6.69,93.1
6,New,H,"1,508,661","7,038,946",500,Yes,Vestas,V105-3.0 at 80m,"3,000",105,80,"Envision V105-3.0MW 3000 105.0 !-! hub: 80,0 m (TOT: 132,5 m) (1169)",USER,Power Mode = 3000; Serrations = True; High Wind Operation = True,HOC-15,"8,734.27",98.5318,1,,6.84,93.4
7,New,H,"1,509,725","7,038,350",458.3,Yes,Vestas,V105-3.0 at 80m,"3,000",105,80,"Envision V105-3.0MW 3000 105.0 !-! hub: 80,0 m (TOT: 132,5 m) (1170)",USER,Power Mode = 3000; Serrations = True; High Wind Operation = True,HOC-16,"6,935.79",92.6887,1,,6.36,92.7
8,New,H,"1,513,886","7,040,017",442.3,Yes,Vestas,V105-3.0 at 80m,"3,000",105,80,"Envision V105-3.0MW 3000 105.0 !-! hub: 80,0 m (TOT: 132,5 m) (1171)",USER,Power Mode = 3000; Serrations = True; High Wind Operation = True,HOC-18,"6,340.08",79.6099,1,,6.52,92.9
9,New,H,"1,512,776","7,040,337",420,Yes,Vestas,V105-3.0 at 80m,"3,000",105,80,"Envision V105-3.0MW 3000 105.0 !-! hub: 80,0 m (TOT: 132,5 m) (1172)",USER,Power Mode = 3000; Serrations = True; High Wind Operation = True,HOC-19,"6,949.06",90.2472,1,,6.43,92.8
10,New,H,"1,514,576","7,037,362",440,Yes,Vestas,V105-3.0 at 80m,"3,000",105,80,"Envision V105-3.0MW 3000 105.0 !-! hub: 80,0 m (TOT: 132,5 m) (1173)",USER,Power Mode = 3000; Serrations = True; High Wind Operation = True,HOC-2,"5,990.44",84.2012,1,,6.23,92.6
11,New,H,"1,509,881","7,038,873",460,Yes,Vestas,V105-3.0 at 80m,"3,000",105,80,"Envision V105-3.0MW 3000 105.0 !-! hub: 80,0 m (TOT: 132,5 m) (1174)",USER,Power Mode = 3000; Serrations = True; High Wind Operation = True,HOC-20,"6,784.64",90.1534,1,,6.38,92.7
12,New,H,"1,511,684","7,037,999",401.9,Yes,Vestas,V105-3.0 at 80m,"3,000",105,80,"Envision V105-3.0MW 3000 105.0 !-! hub: 80,0 m (TOT: 132,5 m) (1175)",USER,Power Mode = 3000; Serrations = True; High Wind Operation = True,HOC-21,"5,637.36",86.449,1,,6.03,92.3
13,New,H,"1,514,136","7,038,218",450.6,Yes,Vestas,V105-3.0 at 80m,"3,000",105,80,"Envision V105-3.0MW 3000 105.0 !-! hub: 80,0 m (TOT: 132,5 m) (1176)",USER,Power Mode = 3000; Serrations = True; High Wind Operation = True,HOC-22,"6,322.56",80.1356,1,,6.49,92.9
14,New,H,"1,510,907","7,038,117",440,Yes,Vestas,V105-3.0 at 80m,"3,000",105,80,"Envision V105-3.0MW 3000 105.0 !-! hub: 80,0 m (TOT: 132,5 m) (1177)",USER,Power Mode = 3000; Serrations = True; High Wind Operation = True,HOC-23,"6,567.84",83.1915,1,,6.5,92.9
15,New,H,"1,513,590","7,037,953",451.6,Yes,Vestas,V105-3.0 at 80m,"3,000",105,80,"Envision V105-3.0MW 3000 105.0 !-! hub: 80,0 m (TOT: 132,5 m) (1178)",USER,Power Mode = 3000; Serrations = True; High Wind Operation = True,HOC-24,"6,431.03",82.4739,1,,6.46,92.8
16,New,H,"1,514,218","7,039,310",470,Yes,Vestas,V105-3.0 at 80m,"3,000",105,80,"Envision V105-3.0MW 3000 105.0 !-! hub: 80,0 m (TOT: 132,5 m) (1179)",USER,Power Mode = 3000; Serrations = True; High Wind Operation = True,HOC-25,"6,940.89",80.5008,1,,6.75,93.2
17,New,H,"1,510,074","7,037,445",464.3,Yes,Vestas,V105-3.0 at 80m,"3,000",105,80,"Envision V105-3.0MW 3000 105.0 !-! hub: 80,0 m (TOT: 132,5 m) (1180)",USER,Power Mode = 3000; Serrations = True; High Wind Operation = True,HOC-26,"7,275.53",93.9754,1,,6.45,92.8
18,New,H,"1,514,844","7,036,892",442,Yes,Vestas,V105-3.0 at 80m,"3,000",105,80,"Envision V105-3.0MW 3000 105.0 !-! hub: 80,0 m (TOT: 132,5 m) (1181)",USER,Power Mode = 3000; Serrations = True; High Wind Operation = True,HOC-27,"6,124.84",88.2815,1,,6.17,92.5
19,New,H,"1,513,430","7,037,593",432.1,Yes,Vestas,V105-3.0 at 80m,"3,000",105,80,"Envision V105-3.0MW 3000 105.0 !-! hub: 80,0 m (TOT: 132,5 m) (1182)",USER,Power Mode = 3000; Serrations = True; High Wind Operation = True,HOC-28,"6,415.84",89.0514,1,,6.26,92.6
20,New,H,"1,510,471","7,037,973",440,Yes,Vestas,V105-3.0 at 80m,"3,000",105,80,"Envision V105-3.0MW 3000 105.0 !-! hub: 80,0 m (TOT: 132,5 m) (1183)",USER,Power Mode = 3000; Serrations = True; High Wind Operation = True,HOC-29,"5,878.34",82.6905,1,,6.23,92.6
21,New,H,"1,511,153","7,036,979",473.8,Yes,Vestas,V105-3.0 at 80m,"3,000",105,80,"Envision V105-3.0MW 3000 105.0 !-! hub: 80,0 m (TOT: 132,5 m) (1184)",USER,Power Mode = 3000; Serrations = True; High Wind Operation = True,HOC-3,"7,511.29",90.5129,1,,6.64,93.1
22,New,H,"1,510,788","7,037,445",450,Yes,Vestas,V105-3.0 at 80m,"3,000",105,80,"Envision V105-3.0MW 3000 105.0 !-! hub: 80,0 m (TOT: 132,5 m) (1185)",USER,Power Mode = 3000; Serrations = True; High Wind Operation = True,HOC-30,"6,456.74",84.0728,1,,6.43,92.8
23,New,H,"1,513,978","7,040,712",414.4,Yes,Vestas,V105-3.0 at 80m,"3,000",105,80,"Envision V105-3.0MW 3000 105.0 !-! hub: 80,0 m (TOT: 132,5 m) (1186)",USER,Power Mode = 3000; Serrations = True; High Wind Operation = True,HOC-32,"6,376.88",88.8727,1,,6.25,92.6
24,New,H,"1,510,252","7,038,518",447.9,Yes,Vestas,V105-3.0 at 80m,"3,000",105,80,"Envision V105-3.0MW 3000 105.0 !-! hub: 80,0 m (TOT: 132,5 m) (1187)",USER,Power Mode = 3000; Serrations = True; High Wind Operation = True,HOC-33,"6,135.97",84.3139,1,,6.29,92.6
25,New,H,"1,513,471","7,040,307",424.9,Yes,Vestas,V105-3.0 at 80m,"3,000",105,80,"Envision V105-3.0MW 3000 105.0 !-! hub: 80,0 m (TOT: 132,5 m) (1188)",USER,Power Mode = 3000; Serrations = True; High Wind Operation = True,HOC-34,"6,091.39",83.0443,1,,6.3,92.6
26,New,H,"1,515,082","7,037,303",452.7,Yes,Vestas,V105-3.0 at 80m,"3,000",105,80,"Envision V105-3.0MW 3000 105.0 !-! hub: 80,0 m (TOT: 132,5 m) (1189)",USER,Power Mode = 3000; Serrations = True; High Wind Operation = True,HOC-35,"6,407.26",84.121,1,,6.4,92.8
27,New,H,"1,510,807","7,038,884",440,Yes,Vestas,V105-3.0 at 80m,"3,000",105,80,"Envision V105-3.0MW 3000 105.0 !-! hub: 80,0 m (TOT: 132,5 m) (1190)",USER,Power Mode = 3000; Serrations = True; High Wind Operation = True,HOC-36,"6,936.04",87.5581,1,,6.51,92.9
28,New,H,"1,514,573","7,038,534",454.3,Yes,Vestas,V105-3.0 at 80m,"3,000",105,80,"Envision V105-3.0MW 3000 105.0 !-! hub: 80,0 m (TOT: 132,5 m) (1191)",USER,Power Mode = 3000; Serrations = True; High Wind Operation = True,HOC-37,"6,308.33",81.9569,1,,6.43,92.8
29,New,H,"1,513,293","7,039,252",443.7,Yes,Vestas,V105-3.0 at 80m,"3,000",105,80,"Envision V105-3.0MW 3000 105.0 !-! hub: 80,0 m (TOT: 132,5 m) (1192)",USER,Power Mode = 3000; Serrations = True; High Wind Operation = True,HOC-38,"6,888.79",86.8671,1,,6.51,92.9
30,New,H,"1,512,558","7,040,716",404,Yes,Vestas,V105-3.0 at 80m,"3,000",105,80,"Envision V105-3.0MW 3000 105.0 !-! hub: 80,0 m (TOT: 132,5 m) (1193)",USER,Power Mode = 3000; Serrations = True; High Wind Operation = True,HOC-39,"6,716.15",93.0697,1,,6.26,92.6
31,New,H,"1,513,623","7,039,649",450,Yes,Vestas,V105-3.0 at 80m,"3,000",105,80,"Envision V105-3.0MW 3000 105.0 !-! hub: 80,0 m (TOT: 132,5 m) (1194)",USER,Power Mode = 3000; Serrations = True; High Wind Operation = True,HOC-4,"6,614.52",81.7215,1,,6.56,93
32,New,H,"1,514,025","7,037,574",459.4,Yes,Vestas,V105-3.0 at 80m,"3,000",105,80,"Envision V105-3.0MW 3000 105.0 !-! hub: 80,0 m (TOT: 132,5 m) (1195)",USER,Power Mode = 3000; Serrations = True; High Wind Operation = True,HOC-40,"6,751.90",83.3396,1,,6.57,93
33,New,H,"1,509,931","7,037,915",447.6,Yes,Vestas,V105-3.0 at 80m,"3,000",105,80,"Envision V105-3.0MW 3000 105.0 !-! hub: 80,0 m (TOT: 132,5 m) (1196)",USER,Power Mode = 3000; Serrations = True; High Wind Operation = True,HOC-41,"6,378.91",90.0052,1,,6.22,92.5
34,New,H,"1,510,579","7,037,063",461,Yes,Vestas,V105-3.0 at 80m,"3,000",105,80,"Envision V105-3.0MW 3000 105.0 !-! hub: 80,0 m (TOT: 132,5 m) (1197)",USER,Power Mode = 3000; Serrations = True; High Wind Operation = True,HOC-42,"7,058.57",92.438,1,,6.41,92.8
35,New,H,"1,513,522","7,038,429",446.1,Yes,Vestas,V105-3.0 at 80m,"3,000",105,80,"Envision V105-3.0MW 3000 105.0 !-! hub: 80,0 m (TOT: 132,5 m) (1198)",USER,Power Mode = 3000; Serrations = True; High Wind Operation = True,HOC-43,"6,511.67",84.2268,1,,6.44,92.8
36,New,H,"1,513,014","7,038,136",439.9,Yes,Vestas,V105-3.0 at 80m,"3,000",105,80,"Envision V105-3.0MW 3000 105.0 !-! hub: 80,0 m (TOT: 132,5 m) (1199)",USER,Power Mode = 3000; Serrations = True; High Wind Operation = True,HOC-44,"7,006.16",91.5445,1,,6.41,92.8
37,New,H,"1,514,351","7,036,700",430,Yes,Vestas,V105-3.0 at 80m,"3,000",105,80,"Envision V105-3.0MW 3000 105.0 !-! hub: 80,0 m (TOT: 132,5 m) (1200)",USER,Power Mode = 3000; Serrations = True; High Wind Operation = True,HOC-45,"6,190.31",91.3141,1,,6.11,92.4
38,New,H,"1,514,508","7,038,972",470,Yes,Vestas,V105-3.0 at 80m,"3,000",105,80,"Envision V105-3.0MW 3000 105.0 !-! hub: 80,0 m (TOT: 132,5 m) (1201)",USER,Power Mode = 3000; Serrations = True; High Wind Operation = True,HOC-6,"6,934.39",80.8387,1,,6.73,93.2
39,New,H,"1,511,167","7,038,483",420,Yes,Vestas,V105-3.0 at 80m,"3,000",105,80,"Envision V105-3.0MW 3000 105.0 !-! hub: 80,0 m (TOT: 132,5 m) (1202)",USER,Power Mode = 3000; Serrations = True; High Wind Operation = True,HOC-7,"6,004.14",82.1753,1,,6.3,92.6
40,New,H,"1,511,280","7,037,611",439.9,Yes,Vestas,V105-3.0 at 80m,"3,000",105,80,"Envision V105-3.0MW 3000 105.0 !-! hub: 80,0 m (TOT: 132,5 m) (1203)",USER,Power Mode = 3000; Serrations = True; High Wind Operation = True,HOC-8,"6,229.43",84.2577,1,,6.33,92.7
41,New,H,"1,513,427","7,038,832",452.3,Yes,Vestas,V105-3.0 at 80m,"3,000",105,80,"Envision V105-3.0MW 3000 105.0 !-! hub: 80,0 m (TOT: 132,5 m) (1204)",USER,Power Mode = 3000; Serrations = True; High Wind Operation = True,HOC-9,"6,872.62",84.1448,1,,6.59,93
1,New,H,"1,513,679","7,037,097",427.2,Yes,Vestas,V117-3.3 at 100m,"3,300",117,100,"Envision V117-3.3MW 3300 117.0 !-! hub: 100,0 m (TOT: 158,5 m) (1164)",USER,Power Mode = 3300; Serrations = True,HOC-10,"9,241.40",91.553,1,,6.64,92.9
2,New,H,"1,513,858","7,039,015",460,Yes,Vestas,V117-3.3 at 100m,"3,300",117,100,"Envision V117-3.3MW 3300 117.0 !-! hub: 100,0 m (TOT: 158,5 m) (1165)",USER,Power Mode = 3300; Serrations = True,HOC-11,"9,455.72",81.673,1,,7.1,94
3,New,H,"1,513,175","7,040,011",431.9,Yes,Vestas,V117-3.3 at 100m,"3,300",117,100,"Envision V117-3.3MW 3300 117.0 !-! hub: 100,0 m (TOT: 158,5 m) (1166)",USER,Power Mode = 3300; Serrations = True,HOC-12,"9,462.74",86.7828,1,,6.89,93.5
4,New,H,"1,514,436","7,039,734",451.2,Yes,Vestas,V117-3.3 at 100m,"3,300",117,100,"Envision V117-3.3MW 3300 117.0 !-! hub: 100,0 m (TOT: 158,5 m) (1167)",USER,Power Mode = 3300; Serrations = True,HOC-13,"9,354.12",82.8566,1,,7.02,93.8
5,New,H,"1,514,564","7,037,843",455.1,Yes,Vestas,V117-3.3 at 100m,"3,300",117,100,"Envision V117-3.3MW 3300 117.0 !-! hub: 100,0 m (TOT: 158,5 m) (1168)",USER,Power Mode = 3300; Serrations = True,HOC-14,"9,616.15",83.0828,1,,7.11,94
6,New,H,"1,508,661","7,038,946",500,Yes,Vestas,V117-3.3 at 100m,"3,300",117,100,"Envision V117-3.3MW 3300 117.0 !-! hub: 100,0 m (TOT: 158,5 m) (1169)",USER,Power Mode = 3300; Serrations = True,HOC-15,"11,864.57",98.5647,1,,7.26,94.3
7,New,H,"1,509,725","7,038,350",458.3,Yes,Vestas,V117-3.3 at 100m,"3,300",117,100,"Envision V117-3.3MW 3300 117.0 !-! hub: 100,0 m (TOT: 158,5 m) (1170)",USER,Power Mode = 3300; Serrations = True,HOC-16,"9,895.77",92.3769,1,,6.83,93.4
8,New,H,"1,513,886","7,040,017",442.3,Yes,Vestas,V117-3.3 at 100m,"3,300",117,100,"Envision V117-3.3MW 3300 117.0 !-! hub: 100,0 m (TOT: 158,5 m) (1171)",USER,Power Mode = 3300; Serrations = True,HOC-18,"9,087.28",81.0655,1,,6.99,93.8
9,New,H,"1,512,776","7,040,337",420,Yes,Vestas,V117-3.3 at 100m,"3,300",117,100,"Envision V117-3.3MW 3300 117.0 !-! hub: 100,0 m (TOT: 158,5 m) (1172)",USER,Power Mode = 3300; Serrations = True,HOC-19,"9,839.14",90.306,1,,6.89,93.5
10,New,H,"1,514,576","7,037,362",440,Yes,Vestas,V117-3.3 at 100m,"3,300",117,100,"Envision V117-3.3MW 3300 117.0 !-! hub: 100,0 m (TOT: 158,5 m) (1173)",USER,Power Mode = 3300; Serrations = True,HOC-2,"8,757.02",84.671,1,,6.72,93.1
11,New,H,"1,509,881","7,038,873",460,Yes,Vestas,V117-3.3 at 100m,"3,300",117,100,"Envision V117-3.3MW 3300 117.0 !-! hub: 100,0 m (TOT: 158,5 m) (1174)",USER,Power Mode = 3300; Serrations = True,HOC-20,"9,727.96",90.5,1,,6.85,93.4
12,New,H,"1,511,684","7,037,999",401.9,Yes,Vestas,V117-3.3 at 100m,"3,300",117,100,"Envision V117-3.3MW 3300 117.0 !-! hub: 100,0 m (TOT: 158,5 m) (1175)",USER,Power Mode = 3300; Serrations = True,HOC-21,"8,378.97",86.8994,1,,6.5,92.6
13,New,H,"1,514,136","7,038,218",450.6,Yes,Vestas,V117-3.3 at 100m,"3,300",117,100,"Envision V117-3.3MW 3300 117.0 !-! hub: 100,0 m (TOT: 158,5 m) (1176)",USER,Power Mode = 3300; Serrations = True,HOC-22,"9,021.92",80.9712,1,,6.97,93.7
14,New,H,"1,510,907","7,038,117",440,Yes,Vestas,V117-3.3 at 100m,"3,300",117,100,"Envision V117-3.3MW 3300 117.0 !-! hub: 100,0 m (TOT: 158,5 m) (1177)",USER,Power Mode = 3300; Serrations = True,HOC-23,"9,279.31",83.7789,1,,6.94,93.7
15,New,H,"1,513,590","7,037,953",451.6,Yes,Vestas,V117-3.3 at 100m,"3,300",117,100,"Envision V117-3.3MW 3300 117.0 !-! hub: 100,0 m (TOT: 158,5 m) (1178)",USER,Power Mode = 3300; Serrations = True,HOC-24,"9,195.22",83.167,1,,6.94,93.7
16,New,H,"1,514,218","7,039,310",470,Yes,Vestas,V117-3.3 at 100m,"3,300",117,100,"Envision V117-3.3MW 3300 117.0 !-! hub: 100,0 m (TOT: 158,5 m) (1179)",USER,Power Mode = 3300; Serrations = True,HOC-25,"9,711.83",81.6086,1,,7.21,94.2
17,New,H,"1,510,074","7,037,445",464.3,Yes,Vestas,V117-3.3 at 100m,"3,300",117,100,"Envision V117-3.3MW 3300 117.0 !-! hub: 100,0 m (TOT: 158,5 m) (1180)",USER,Power Mode = 3300; Serrations = True,HOC-26,"10,303.71",93.656,1,,6.92,93.6
18,New,H,"1,514,844","7,036,892",442,Yes,Vestas,V117-3.3 at 100m,"3,300",117,100,"Envision V117-3.3MW 3300 117.0 !-! hub: 100,0 m (TOT: 158,5 m) (1181)",USER,Power Mode = 3300; Serrations = True,HOC-27,"9,039.26",88.7532,1,,6.67,93
19,New,H,"1,513,430","7,037,593",432.1,Yes,Vestas,V117-3.3 at 100m,"3,300",117,100,"Envision V117-3.3MW 3300 117.0 !-! hub: 100,0 m (TOT: 158,5 m) (1182)",USER,Power Mode = 3300; Serrations = True,HOC-28,"9,271.66",89.0596,1,,6.73,93.1
20,New,H,"1,510,471","7,037,973",440,Yes,Vestas,V117-3.3 at 100m,"3,300",117,100,"Envision V117-3.3MW 3300 117.0 !-! hub: 100,0 m (TOT: 158,5 m) (1183)",USER,Power Mode = 3300; Serrations = True,HOC-29,"8,606.46",83.1721,1,,6.72,93.1
21,New,H,"1,511,153","7,036,979",473.8,Yes,Vestas,V117-3.3 at 100m,"3,300",117,100,"Envision V117-3.3MW 3300 117.0 !-! hub: 100,0 m (TOT: 158,5 m) (1184)",USER,Power Mode = 3300; Serrations = True,HOC-3,"10,468.28",90.7024,1,,7.09,94
22,New,H,"1,510,788","7,037,445",450,Yes,Vestas,V117-3.3 at 100m,"3,300",117,100,"Envision V117-3.3MW 3300 117.0 !-! hub: 100,0 m (TOT: 158,5 m) (1185)",USER,Power Mode = 3300; Serrations = True,HOC-30,"9,272.65",84.7205,1,,6.9,93.6
23,New,H,"1,513,978","7,040,712",414.4,Yes,Vestas,V117-3.3 at 100m,"3,300",117,100,"Envision V117-3.3MW 3300 117.0 !-! hub: 100,0 m (TOT: 158,5 m) (1186)",USER,Power Mode = 3300; Serrations = True,HOC-32,"9,314.14",89.4792,1,,6.74,93.2
24,New,H,"1,510,252","7,038,518",447.9,Yes,Vestas,V117-3.3 at 100m,"3,300",117,100,"Envision V117-3.3MW 3300 117.0 !-! hub: 100,0 m (TOT: 158,5 m) (1187)",USER,Power Mode = 3300; Serrations = True,HOC-33,"8,947.01",84.9424,1,,6.78,93.2
25,New,H,"1,513,471","7,040,307",424.9,Yes,Vestas,V117-3.3 at 100m,"3,300",117,100,"Envision V117-3.3MW 3300 117.0 !-! hub: 100,0 m (TOT: 158,5 m) (1188)",USER,Power Mode = 3300; Serrations = True,HOC-34,"8,824.62",83.7726,1,,6.78,93.3
26,New,H,"1,515,082","7,037,303",452.7,Yes,Vestas,V117-3.3 at 100m,"3,300",117,100,"Envision V117-3.3MW 3300 117.0 !-! hub: 100,0 m (TOT: 158,5 m) (1189)",USER,Power Mode = 3300; Serrations = True,HOC-35,"9,309.44",85.491,1,,6.89,93.5
27,New,H,"1,510,807","7,038,884",440,Yes,Vestas,V117-3.3 at 100m,"3,300",117,100,"Envision V117-3.3MW 3300 117.0 !-! hub: 100,0 m (TOT: 158,5 m) (1190)",USER,Power Mode = 3300; Serrations = True,HOC-36,"9,816.69",88.3047,1,,6.96,93.7
28,New,H,"1,514,573","7,038,534",454.3,Yes,Vestas,V117-3.3 at 100m,"3,300",117,100,"Envision V117-3.3MW 3300 117.0 !-! hub: 100,0 m (TOT: 158,5 m) (1191)",USER,Power Mode = 3300; Serrations = True,HOC-37,"9,063.24",82.7887,1,,6.91,93.6
29,New,H,"1,513,293","7,039,252",443.7,Yes,Vestas,V117-3.3 at 100m,"3,300",117,100,"Envision V117-3.3MW 3300 117.0 !-! hub: 100,0 m (TOT: 158,5 m) (1192)",USER,Power Mode = 3300; Serrations = True,HOC-38,"9,701.56",86.7923,1,,6.98,93.8
30,New,H,"1,512,558","7,040,716",404,Yes,Vestas,V117-3.3 at 100m,"3,300",117,100,"Envision V117-3.3MW 3300 117.0 !-! hub: 100,0 m (TOT: 158,5 m) (1193)",USER,Power Mode = 3300; Serrations = True,HOC-39,"9,667.82",92.9999,1,,6.73,93.1
31,New,H,"1,513,623","7,039,649",450,Yes,Vestas,V117-3.3 at 100m,"3,300",117,100,"Envision V117-3.3MW 3300 117.0 !-! hub: 100,0 m (TOT: 158,5 m) (1194)",USER,Power Mode = 3300; Serrations = True,HOC-4,"9,363.47",82.5283,1,,7.03,93.9
32,New,H,"1,514,025","7,037,574",459.4,Yes,Vestas,V117-3.3 at 100m,"3,300",117,100,"Envision V117-3.3MW 3300 117.0 !-! hub: 100,0 m (TOT: 158,5 m) (1195)",USER,Power Mode = 3300; Serrations = True,HOC-40,"9,539.90",84.0432,1,,7.03,93.9
33,New,H,"1,509,931","7,037,915",447.6,Yes,Vestas,V117-3.3 at 100m,"3,300",117,100,"Envision V117-3.3MW 3300 117.0 !-! hub: 100,0 m (TOT: 158,5 m) (1196)",USER,Power Mode = 3300; Serrations = True,HOC-41,"9,250.73",89.8371,1,,6.71,93.1
34,New,H,"1,510,579","7,037,063",461,Yes,Vestas,V117-3.3 at 100m,"3,300",117,100,"Envision V117-3.3MW 3300 117.0 !-! hub: 100,0 m (TOT: 158,5 m) (1197)",USER,Power Mode = 3300; Serrations = True,HOC-42,"10,068.16",92.3948,1,,6.88,93.5
35,New,H,"1,513,522","7,038,429",446.1,Yes,Vestas,V117-3.3 at 100m,"3,300",117,100,"Envision V117-3.3MW 3300 117.0 !-! hub: 100,0 m (TOT: 158,5 m) (1198)",USER,Power Mode = 3300; Serrations = True,HOC-43,"9,271.63",84.507,1,,6.91,93.6
36,New,H,"1,513,014","7,038,136",439.9,Yes,Vestas,V117-3.3 at 100m,"3,300",117,100,"Envision V117-3.3MW 3300 117.0 !-! hub: 100,0 m (TOT: 158,5 m) (1199)",USER,Power Mode = 3300; Serrations = True,HOC-44,"9,922.48",91.5567,1,,6.86,93.5
37,New,H,"1,514,351","7,036,700",430,Yes,Vestas,V117-3.3 at 100m,"3,300",117,100,"Envision V117-3.3MW 3300 117.0 !-! hub: 100,0 m (TOT: 158,5 m) (1200)",USER,Power Mode = 3300; Serrations = True,HOC-45,"9,072.63",91.3737,1,,6.59,92.8
38,New,H,"1,514,508","7,038,972",470,Yes,Vestas,V117-3.3 at 100m,"3,300",117,100,"Envision V117-3.3MW 3300 117.0 !-! hub: 100,0 m (TOT: 158,5 m) (1201)",USER,Power Mode = 3300; Serrations = True,HOC-6,"9,710.15",81.9706,1,,7.19,94.1
39,New,H,"1,511,167","7,038,483",420,Yes,Vestas,V117-3.3 at 100m,"3,300",117,100,"Envision V117-3.3MW 3300 117.0 !-! hub: 100,0 m (TOT: 158,5 m) (1202)",USER,Power Mode = 3300; Serrations = True,HOC-7,"8,731.35",83.3985,1,,6.76,93.2
40,New,H,"1,511,280","7,037,611",439.9,Yes,Vestas,V117-3.3 at 100m,"3,300",117,100,"Envision V117-3.3MW 3300 117.0 !-! hub: 100,0 m (TOT: 158,5 m) (1203)",USER,Power Mode = 3300; Serrations = True,HOC-8,"9,025.13",85.0338,1,,6.8,93.3
41,New,H,"1,513,427","7,038,832",452.3,Yes,Vestas,V117-3.3 at 100m,"3,300",117,100,"Envision V117-3.3MW 3300 117.0 !-! hub: 100,0 m (TOT: 158,5 m) (1204)",USER,Power Mode = 3300; Serrations = True,HOC-9,"9,636.04",84.4202,1,,7.05,93.9
1,New,H,"1,513,679","7,037,097",427.2,Yes,Vestas,V126-3.45 at 120m,"3,450",126,120,"Envision V126-3.45MW 3450 126.0 !-! hub: 120,0 m (TOT: 183,0 m) (1164)",USER,Noise Mode = 0,HOC-10,"11,768.48",92.0448,1,,7.08,95.5
2,New,H,"1,513,858","7,039,015",460,Yes,Vestas,V126-3.45 at 120m,"3,450",126,120,"Envision V126-3.45MW 3450 126.0 !-! hub: 120,0 m (TOT: 183,0 m) (1165)",USER,Noise Mode = 0,HOC-11,"11,819.78",83.3402,1,,7.52,96.6
3,New,H,"1,513,175","7,040,011",431.9,Yes,Vestas,V126-3.45 at 120m,"3,450",126,120,"Envision V126-3.45MW 3450 126.0 !-! hub: 120,0 m (TOT: 183,0 m) (1166)",USER,Noise Mode = 0,HOC-12,"11,842.98",87.6059,1,,7.32,96
4,New,H,"1,514,436","7,039,734",451.2,Yes,Vestas,V126-3.45 at 120m,"3,450",126,120,"Envision V126-3.45MW 3450 126.0 !-! hub: 120,0 m (TOT: 183,0 m) (1167)",USER,Noise Mode = 0,HOC-13,"11,822.71",84.8192,1,,7.45,96.3
5,New,H,"1,514,564","7,037,843",455.1,Yes,Vestas,V126-3.45 at 120m,"3,450",126,120,"Envision V126-3.45MW 3450 126.0 !-! hub: 120,0 m (TOT: 183,0 m) (1168)",USER,Noise Mode = 0,HOC-14,"11,879.58",84.6246,1,,7.48,96.4
6,New,H,"1,508,661","7,038,946",500,Yes,Vestas,V126-3.45 at 120m,"3,450",126,120,"Envision V126-3.45MW 3450 126.0 !-! hub: 120,0 m (TOT: 183,0 m) (1169)",USER,Noise Mode = 0,HOC-15,"14,294.16",98.636,1,,7.63,96.9
7,New,H,"1,509,725","7,038,350",458.3,Yes,Vestas,V126-3.45 at 120m,"3,450",126,120,"Envision V126-3.45MW 3450 126.0 !-! hub: 120,0 m (TOT: 183,0 m) (1170)",USER,Noise Mode = 0,HOC-16,"12,363.21",92.5235,1,,7.26,95.9
8,New,H,"1,513,886","7,040,017",442.3,Yes,Vestas,V126-3.45 at 120m,"3,450",126,120,"Envision V126-3.45MW 3450 126.0 !-! hub: 120,0 m (TOT: 183,0 m) (1171)",USER,Noise Mode = 0,HOC-18,"11,485.54",83.1322,1,,7.41,96.2
9,New,H,"1,512,776","7,040,337",420,Yes,Vestas,V126-3.45 at 120m,"3,450",126,120,"Envision V126-3.45MW 3450 126.0 !-! hub: 120,0 m (TOT: 183,0 m) (1172)",USER,Noise Mode = 0,HOC-19,"12,270.19",90.9336,1,,7.31,96
10,New,H,"1,514,576","7,037,362",440,Yes,Vestas,V126-3.45 at 120m,"3,450",126,120,"Envision V126-3.45MW 3450 126.0 !-! hub: 120,0 m (TOT: 183,0 m) (1173)",USER,Noise Mode = 0,HOC-2,"11,187.06",85.8927,1,,7.16,95.7
11,New,H,"1,509,881","7,038,873",460,Yes,Vestas,V126-3.45 at 120m,"3,450",126,120,"Envision V126-3.45MW 3450 126.0 !-! hub: 120,0 m (TOT: 183,0 m) (1174)",USER,Noise Mode = 0,HOC-20,"12,223.98",91.3008,1,,7.27,95.9
12,New,H,"1,511,684","7,037,999",401.9,Yes,Vestas,V126-3.45 at 120m,"3,450",126,120,"Envision V126-3.45MW 3450 126.0 !-! hub: 120,0 m (TOT: 183,0 m) (1175)",USER,Noise Mode = 0,HOC-21,"10,846.12",88.0895,1,,6.93,95.1
13,New,H,"1,514,136","7,038,218",450.6,Yes,Vestas,V126-3.45 at 120m,"3,450",126,120,"Envision V126-3.45MW 3450 126.0 !-! hub: 120,0 m (TOT: 183,0 m) (1176)",USER,Noise Mode = 0,HOC-22,"11,383.09",82.7013,1,,7.39,96.2
14,New,H,"1,510,907","7,038,117",440,Yes,Vestas,V126-3.45 at 120m,"3,450",126,120,"Envision V126-3.45MW 3450 126.0 !-! hub: 120,0 m (TOT: 183,0 m) (1177)",USER,Noise Mode = 0,HOC-23,"11,611.79",85.1759,1,,7.35,96.1
15,New,H,"1,513,590","7,037,953",451.6,Yes,Vestas,V126-3.45 at 120m,"3,450",126,120,"Envision V126-3.45MW 3450 126.0 !-! hub: 120,0 m (TOT: 183,0 m) (1178)",USER,Noise Mode = 0,HOC-24,"11,585.26",84.5949,1,,7.37,96.1
16,New,H,"1,514,218","7,039,310",470,Yes,Vestas,V126-3.45 at 120m,"3,450",126,120,"Envision V126-3.45MW 3450 126.0 !-! hub: 120,0 m (TOT: 183,0 m) (1179)",USER,Noise Mode = 0,HOC-25,"12,071.19",83.3785,1,,7.62,96.9
17,New,H,"1,510,074","7,037,445",464.3,Yes,Vestas,V126-3.45 at 120m,"3,450",126,120,"Envision V126-3.45MW 3450 126.0 !-! hub: 120,0 m (TOT: 183,0 m) (1180)",USER,Noise Mode = 0,HOC-26,"12,784.82",93.7091,1,,7.35,96.1
18,New,H,"1,514,844","7,036,892",442,Yes,Vestas,V126-3.45 at 120m,"3,450",126,120,"Envision V126-3.45MW 3450 126.0 !-! hub: 120,0 m (TOT: 183,0 m) (1181)",USER,Noise Mode = 0,HOC-27,"11,530.54",89.6556,1,,7.11,95.6
19,New,H,"1,513,430","7,037,593",432.1,Yes,Vestas,V126-3.45 at 120m,"3,450",126,120,"Envision V126-3.45MW 3450 126.0 !-! hub: 120,0 m (TOT: 183,0 m) (1182)",USER,Noise Mode = 0,HOC-28,"11,741.85",89.7284,1,,7.17,95.7
20,New,H,"1,510,471","7,037,973",440,Yes,Vestas,V126-3.45 at 120m,"3,450",126,120,"Envision V126-3.45MW 3450 126.0 !-! hub: 120,0 m (TOT: 183,0 m) (1183)",USER,Noise Mode = 0,HOC-29,"11,028.47",84.5504,1,,7.16,95.7
21,New,H,"1,511,153","7,036,979",473.8,Yes,Vestas,V126-3.45 at 120m,"3,450",126,120,"Envision V126-3.45MW 3450 126.0 !-! hub: 120,0 m (TOT: 183,0 m) (1184)",USER,Noise Mode = 0,HOC-3,"12,884.85",91.3385,1,,7.5,96.5
22,New,H,"1,510,788","7,037,445",450,Yes,Vestas,V126-3.45 at 120m,"3,450",126,120,"Envision V126-3.45MW 3450 126.0 !-! hub: 120,0 m (TOT: 183,0 m) (1185)",USER,Noise Mode = 0,HOC-30,"11,701.40",86.053,1,,7.33,96.1
23,New,H,"1,513,978","7,040,712",414.4,Yes,Vestas,V126-3.45 at 120m,"3,450",126,120,"Envision V126-3.45MW 3450 126.0 !-! hub: 120,0 m (TOT: 183,0 m) (1186)",USER,Noise Mode = 0,HOC-32,"11,861.68",90.5952,1,,7.18,95.7
24,New,H,"1,510,252","7,038,518",447.9,Yes,Vestas,V126-3.45 at 120m,"3,450",126,120,"Envision V126-3.45MW 3450 126.0 !-! hub: 120,0 m (TOT: 183,0 m) (1187)",USER,Noise Mode = 0,HOC-33,"11,422.32",86.3099,1,,7.22,95.8
25,New,H,"1,513,471","7,040,307",424.9,Yes,Vestas,V126-3.45 at 120m,"3,450",126,120,"Envision V126-3.45MW 3450 126.0 !-! hub: 120,0 m (TOT: 183,0 m) (1188)",USER,Noise Mode = 0,HOC-34,"11,232.42",85.2513,1,,7.21,95.8
26,New,H,"1,515,082","7,037,303",452.7,Yes,Vestas,V126-3.45 at 120m,"3,450",126,120,"Envision V126-3.45MW 3450 126.0 !-! hub: 120,0 m (TOT: 183,0 m) (1189)",USER,Noise Mode = 0,HOC-35,"11,768.18",87.1404,1,,7.31,96
27,New,H,"1,510,807","7,038,884",440,Yes,Vestas,V126-3.45 at 120m,"3,450",126,120,"Envision V126-3.45MW 3450 126.0 !-! hub: 120,0 m (TOT: 183,0 m) (1190)",USER,Noise Mode = 0,HOC-36,"12,252.55",89.4909,1,,7.37,96.1
28,New,H,"1,514,573","7,038,534",454.3,Yes,Vestas,V126-3.45 at 120m,"3,450",126,120,"Envision V126-3.45MW 3450 126.0 !-! hub: 120,0 m (TOT: 183,0 m) (1191)",USER,Noise Mode = 0,HOC-37,"11,483.24",84.3818,1,,7.34,96.1
29,New,H,"1,513,293","7,039,252",443.7,Yes,Vestas,V126-3.45 at 120m,"3,450",126,120,"Envision V126-3.45MW 3450 126.0 !-! hub: 120,0 m (TOT: 183,0 m) (1192)",USER,Noise Mode = 0,HOC-38,"12,047.57",87.396,1,,7.39,96.2
30,New,H,"1,512,558","7,040,716",404,Yes,Vestas,V126-3.45 at 120m,"3,450",126,120,"Envision V126-3.45MW 3450 126.0 !-! hub: 120,0 m (TOT: 183,0 m) (1193)",USER,Noise Mode = 0,HOC-39,"12,165.41",93.3987,1,,7.16,95.7
31,New,H,"1,513,623","7,039,649",450,Yes,Vestas,V126-3.45 at 120m,"3,450",126,120,"Envision V126-3.45MW 3450 126.0 !-! hub: 120,0 m (TOT: 183,0 m) (1194)",USER,Noise Mode = 0,HOC-4,"11,724.92",84.041,1,,7.45,96.4
32,New,H,"1,514,025","7,037,574",459.4,Yes,Vestas,V126-3.45 at 120m,"3,450",126,120,"Envision V126-3.45MW 3450 126.0 !-! hub: 120,0 m (TOT: 183,0 m) (1195)",USER,Noise Mode = 0,HOC-40,"11,918.67",85.4372,1,,7.45,96.4
33,New,H,"1,509,931","7,037,915",447.6,Yes,Vestas,V126-3.45 at 120m,"3,450",126,120,"Envision V126-3.45MW 3450 126.0 !-! hub: 120,0 m (TOT: 183,0 m) (1196)",USER,Noise Mode = 0,HOC-41,"11,717.70",90.2979,1,,7.15,95.6
34,New,H,"1,510,579","7,037,063",461,Yes,Vestas,V126-3.45 at 120m,"3,450",126,120,"Envision V126-3.45MW 3450 126.0 !-! hub: 120,0 m (TOT: 183,0 m) (1197)",USER,Noise Mode = 0,HOC-42,"12,560.91",92.7464,1,,7.31,96
35,New,H,"1,513,522","7,038,429",446.1,Yes,Vestas,V126-3.45 at 120m,"3,450",126,120,"Envision V126-3.45MW 3450 126.0 !-! hub: 120,0 m (TOT: 183,0 m) (1198)",USER,Noise Mode = 0,HOC-43,"11,654.32",85.5734,1,,7.34,96.1
36,New,H,"1,513,014","7,038,136",439.9,Yes,Vestas,V126-3.45 at 120m,"3,450",126,120,"Envision V126-3.45MW 3450 126.0 !-! hub: 120,0 m (TOT: 183,0 m) (1199)",USER,Noise Mode = 0,HOC-44,"12,340.96",91.9547,1,,7.27,95.9
37,New,H,"1,514,351","7,036,700",430,Yes,Vestas,V126-3.45 at 120m,"3,450",126,120,"Envision V126-3.45MW 3450 126.0 !-! hub: 120,0 m (TOT: 183,0 m) (1200)",USER,Noise Mode = 0,HOC-45,"11,568.50",91.8768,1,,7.03,95.4
38,New,H,"1,514,508","7,038,972",470,Yes,Vestas,V126-3.45 at 120m,"3,450",126,120,"Envision V126-3.45MW 3450 126.0 !-! hub: 120,0 m (TOT: 183,0 m) (1201)",USER,Noise Mode = 0,HOC-6,"12,070.98",83.6841,1,,7.61,96.8
39,New,H,"1,511,167","7,038,483",420,Yes,Vestas,V126-3.45 at 120m,"3,450",126,120,"Envision V126-3.45MW 3450 126.0 !-! hub: 120,0 m (TOT: 183,0 m) (1202)",USER,Noise Mode = 0,HOC-7,"11,149.97",85.291,1,,7.17,95.7
40,New,H,"1,511,280","7,037,611",439.9,Yes,Vestas,V126-3.45 at 120m,"3,450",126,120,"Envision V126-3.45MW 3450 126.0 !-! hub: 120,0 m (TOT: 183,0 m) (1203)",USER,Noise Mode = 0,HOC-8,"11,451.52",86.4811,1,,7.22,95.8
41,New,H,"1,513,427","7,038,832",452.3,Yes,Vestas,V126-3.45 at 120m,"3,450",126,120,"Envision V126-3.45MW 3450 126.0 !-! hub: 120,0 m (TOT: 183,0 m) (1204)",USER,Noise Mode = 0,HOC-9,"11,971.43",85.4189,1,,7.47,96.4
1,New,H,"1,513,679","7,037,097",427.2,Yes,Vestas,V136-3.6 at 140m,"3,600",136,140,"Envision V136-3.6MW 3600 136.0 !-! hub: 140,0 m (TOT: 208,0 m) (1164)",USER,Power Mode = 3600; Serrations = True,HOC-10,"14,406.87",92.2331,1,,7.52,98.6
2,New,H,"1,513,858","7,039,015",460,Yes,Vestas,V136-3.6 at 140m,"3,600",136,140,"Envision V136-3.6MW 3600 136.0 !-! hub: 140,0 m (TOT: 208,0 m) (1165)",USER,Power Mode = 3600; Serrations = True,HOC-11,"14,259.71",84.4731,1,,7.94,100.2
3,New,H,"1,513,175","7,040,011",431.9,Yes,Vestas,V136-3.6 at 140m,"3,600",136,140,"Envision V136-3.6MW 3600 136.0 !-! hub: 140,0 m (TOT: 208,0 m) (1166)",USER,Power Mode = 3600; Serrations = True,HOC-12,"14,312.74",88.0659,1,,7.74,99.4
4,New,H,"1,514,436","7,039,734",451.2,Yes,Vestas,V136-3.6 at 140m,"3,600",136,140,"Envision V136-3.6MW 3600 136.0 !-! hub: 140,0 m (TOT: 208,0 m) (1167)",USER,Power Mode = 3600; Serrations = True,HOC-13,"14,399.36",86.282,1,,7.88,99.9
5,New,H,"1,514,564","7,037,843",455.1,Yes,Vestas,V136-3.6 at 140m,"3,600",136,140,"Envision V136-3.6MW 3600 136.0 !-! hub: 140,0 m (TOT: 208,0 m) (1168)",USER,Power Mode = 3600; Serrations = True,HOC-14,"14,239.59",85.7162,1,,7.85,99.8
6,New,H,"1,508,661","7,038,946",500,Yes,Vestas,V136-3.6 at 140m,"3,600",136,140,"Envision V136-3.6MW 3600 136.0 !-! hub: 140,0 m (TOT: 208,0 m) (1169)",USER,Power Mode = 3600; Serrations = True,HOC-15,"16,804.41",98.6331,1,,8,100.4
7,New,H,"1,509,725","7,038,350",458.3,Yes,Vestas,V136-3.6 at 140m,"3,600",136,140,"Envision V136-3.6MW 3600 136.0 !-! hub: 140,0 m (TOT: 208,0 m) (1170)",USER,Power Mode = 3600; Serrations = True,HOC-16,"14,923.97",92.544,1,,7.69,99.2
8,New,H,"1,513,886","7,040,017",442.3,Yes,Vestas,V136-3.6 at 140m,"3,600",136,140,"Envision V136-3.6MW 3600 136.0 !-! hub: 140,0 m (TOT: 208,0 m) (1171)",USER,Power Mode = 3600; Serrations = True,HOC-18,"13,992.79",84.6485,1,,7.82,99.7
9,New,H,"1,512,776","7,040,337",420,Yes,Vestas,V136-3.6 at 140m,"3,600",136,140,"Envision V136-3.6MW 3600 136.0 !-! hub: 140,0 m (TOT: 208,0 m) (1172)",USER,Power Mode = 3600; Serrations = True,HOC-19,"14,798.59",91.2837,1,,7.72,99.3
10,New,H,"1,514,576","7,037,362",440,Yes,Vestas,V136-3.6 at 140m,"3,600",136,140,"Envision V136-3.6MW 3600 136.0 !-! hub: 140,0 m (TOT: 208,0 m) (1173)",USER,Power Mode = 3600; Serrations = True,HOC-2,"13,746.17",86.7443,1,,7.6,98.9
11,New,H,"1,509,881","7,038,873",460,Yes,Vestas,V136-3.6 at 140m,"3,600",136,140,"Envision V136-3.6MW 3600 136.0 !-! hub: 140,0 m (TOT: 208,0 m) (1174)",USER,Power Mode = 3600; Serrations = True,HOC-20,"14,828.82",91.8608,1,,7.7,99.2
12,New,H,"1,511,684","7,037,999",401.9,Yes,Vestas,V136-3.6 at 140m,"3,600",136,140,"Envision V136-3.6MW 3600 136.0 !-! hub: 140,0 m (TOT: 208,0 m) (1175)",USER,Power Mode = 3600; Serrations = True,HOC-21,"13,475.56",89.0043,1,,7.36,98.1
13,New,H,"1,514,136","7,038,218",450.6,Yes,Vestas,V136-3.6 at 140m,"3,600",136,140,"Envision V136-3.6MW 3600 136.0 !-! hub: 140,0 m (TOT: 208,0 m) (1176)",USER,Power Mode = 3600; Serrations = True,HOC-22,"13,842.04",83.9226,1,,7.82,99.7
14,New,H,"1,510,907","7,038,117",440,Yes,Vestas,V136-3.6 at 140m,"3,600",136,140,"Envision V136-3.6MW 3600 136.0 !-! hub: 140,0 m (TOT: 208,0 m) (1177)",USER,Power Mode = 3600; Serrations = True,HOC-23,"14,038.45",86.1507,1,,7.75,99.4
15,New,H,"1,513,590","7,037,953",451.6,Yes,Vestas,V136-3.6 at 140m,"3,600",136,140,"Envision V136-3.6MW 3600 136.0 !-! hub: 140,0 m (TOT: 208,0 m) (1178)",USER,Power Mode = 3600; Serrations = True,HOC-24,"14,059.16",85.5286,1,,7.8,99.6
16,New,H,"1,514,218","7,039,310",470,Yes,Vestas,V136-3.6 at 140m,"3,600",136,140,"Envision V136-3.6MW 3600 136.0 !-! hub: 140,0 m (TOT: 208,0 m) (1179)",USER,Power Mode = 3600; Serrations = True,HOC-25,"14,502.61",84.6135,1,,8.04,100.4
17,New,H,"1,510,074","7,037,445",464.3,Yes,Vestas,V136-3.6 at 140m,"3,600",136,140,"Envision V136-3.6MW 3600 136.0 !-! hub: 140,0 m (TOT: 208,0 m) (1180)",USER,Power Mode = 3600; Serrations = True,HOC-26,"15,342.88",93.6366,1,,7.78,99.5
18,New,H,"1,514,844","7,036,892",442,Yes,Vestas,V136-3.6 at 140m,"3,600",136,140,"Envision V136-3.6MW 3600 136.0 !-! hub: 140,0 m (TOT: 208,0 m) (1181)",USER,Power Mode = 3600; Serrations = True,HOC-27,"14,156.05",90.2617,1,,7.55,98.7
19,New,H,"1,513,430","7,037,593",432.1,Yes,Vestas,V136-3.6 at 140m,"3,600",136,140,"Envision V136-3.6MW 3600 136.0 !-! hub: 140,0 m (TOT: 208,0 m) (1182)",USER,Power Mode = 3600; Serrations = True,HOC-28,"14,311.28",90.0506,1,,7.61,98.9
20,New,H,"1,510,471","7,037,973",440,Yes,Vestas,V136-3.6 at 140m,"3,600",136,140,"Envision V136-3.6MW 3600 136.0 !-! hub: 140,0 m (TOT: 208,0 m) (1183)",USER,Power Mode = 3600; Serrations = True,HOC-29,"13,568.69",85.5402,1,,7.61,98.9
21,New,H,"1,511,153","7,036,979",473.8,Yes,Vestas,V136-3.6 at 140m,"3,600",136,140,"Envision V136-3.6MW 3600 136.0 !-! hub: 140,0 m (TOT: 208,0 m) (1184)",USER,Power Mode = 3600; Serrations = True,HOC-3,"15,381.61",91.7565,1,,7.91,100
22,New,H,"1,510,788","7,037,445",450,Yes,Vestas,V136-3.6 at 140m,"3,600",136,140,"Envision V136-3.6MW 3600 136.0 !-! hub: 140,0 m (TOT: 208,0 m) (1185)",USER,Power Mode = 3600; Serrations = True,HOC-30,"14,225.10",86.99,1,,7.77,99.5
23,New,H,"1,513,978","7,040,712",414.4,Yes,Vestas,V136-3.6 at 140m,"3,600",136,140,"Envision V136-3.6MW 3600 136.0 !-! hub: 140,0 m (TOT: 208,0 m) (1186)",USER,Power Mode = 3600; Serrations = True,HOC-32,"14,543.13",91.4417,1,,7.62,99
24,New,H,"1,510,252","7,038,518",447.9,Yes,Vestas,V136-3.6 at 140m,"3,600",136,140,"Envision V136-3.6MW 3600 136.0 !-! hub: 140,0 m (TOT: 208,0 m) (1187)",USER,Power Mode = 3600; Serrations = True,HOC-33,"14,009.93",87.2899,1,,7.66,99.1
25,New,H,"1,513,471","7,040,307",424.9,Yes,Vestas,V136-3.6 at 140m,"3,600",136,140,"Envision V136-3.6MW 3600 136.0 !-! hub: 140,0 m (TOT: 208,0 m) (1188)",USER,Power Mode = 3600; Serrations = True,HOC-34,"13,768.66",86.3059,1,,7.64,99
26,New,H,"1,515,082","7,037,303",452.7,Yes,Vestas,V136-3.6 at 140m,"3,600",136,140,"Envision V136-3.6MW 3600 136.0 !-! hub: 140,0 m (TOT: 208,0 m) (1189)",USER,Power Mode = 3600; Serrations = True,HOC-35,"14,350.64",88.3469,1,,7.74,99.4
27,New,H,"1,510,807","7,038,884",440,Yes,Vestas,V136-3.6 at 140m,"3,600",136,140,"Envision V136-3.6MW 3600 136.0 !-! hub: 140,0 m (TOT: 208,0 m) (1190)",USER,Power Mode = 3600; Serrations = True,HOC-36,"14,783.41",90.3036,1,,7.77,99.5
28,New,H,"1,514,573","7,038,534",454.3,Yes,Vestas,V136-3.6 at 140m,"3,600",136,140,"Envision V136-3.6MW 3600 136.0 !-! hub: 140,0 m (TOT: 208,0 m) (1191)",USER,Power Mode = 3600; Serrations = True,HOC-37,"14,017.42",85.5592,1,,7.78,99.5
29,New,H,"1,513,293","7,039,252",443.7,Yes,Vestas,V136-3.6 at 140m,"3,600",136,140,"Envision V136-3.6MW 3600 136.0 !-! hub: 140,0 m (TOT: 208,0 m) (1192)",USER,Power Mode = 3600; Serrations = True,HOC-38,"14,470.70",87.7067,1,,7.81,99.6
30,New,H,"1,512,558","7,040,716",404,Yes,Vestas,V136-3.6 at 140m,"3,600",136,140,"Envision V136-3.6MW 3600 136.0 !-! hub: 140,0 m (TOT: 208,0 m) (1193)",USER,Power Mode = 3600; Serrations = True,HOC-39,"14,779.40",93.6085,1,,7.58,98.8
31,New,H,"1,513,623","7,039,649",450,Yes,Vestas,V136-3.6 at 140m,"3,600",136,140,"Envision V136-3.6MW 3600 136.0 !-! hub: 140,0 m (TOT: 208,0 m) (1194)",USER,Power Mode = 3600; Serrations = True,HOC-4,"14,169.08",85.0522,1,,7.87,99.9
32,New,H,"1,514,025","7,037,574",459.4,Yes,Vestas,V136-3.6 at 140m,"3,600",136,140,"Envision V136-3.6MW 3600 136.0 !-! hub: 140,0 m (TOT: 208,0 m) (1195)",USER,Power Mode = 3600; Serrations = True,HOC-40,"14,383.92",86.371,1,,7.87,99.9
33,New,H,"1,509,931","7,037,915",447.6,Yes,Vestas,V136-3.6 at 140m,"3,600",136,140,"Envision V136-3.6MW 3600 136.0 !-! hub: 140,0 m (TOT: 208,0 m) (1196)",USER,Power Mode = 3600; Serrations = True,HOC-41,"14,298.34",90.5735,1,,7.59,98.8
34,New,H,"1,510,579","7,037,063",461,Yes,Vestas,V136-3.6 at 140m,"3,600",136,140,"Envision V136-3.6MW 3600 136.0 !-! hub: 140,0 m (TOT: 208,0 m) (1197)",USER,Power Mode = 3600; Serrations = True,HOC-42,"15,135.07",92.9045,1,,7.74,99.4
35,New,H,"1,513,522","7,038,429",446.1,Yes,Vestas,V136-3.6 at 140m,"3,600",136,140,"Envision V136-3.6MW 3600 136.0 !-! hub: 140,0 m (TOT: 208,0 m) (1198)",USER,Power Mode = 3600; Serrations = True,HOC-43,"14,125.81",86.2488,1,,7.77,99.5
36,New,H,"1,513,014","7,038,136",439.9,Yes,Vestas,V136-3.6 at 140m,"3,600",136,140,"Envision V136-3.6MW 3600 136.0 !-! hub: 140,0 m (TOT: 208,0 m) (1199)",USER,Power Mode = 3600; Serrations = True,HOC-44,"14,838.44",92.0419,1,,7.68,99.1
37,New,H,"1,514,351","7,036,700",430,Yes,Vestas,V136-3.6 at 140m,"3,600",136,140,"Envision V136-3.6MW 3600 136.0 !-! hub: 140,0 m (TOT: 208,0 m) (1200)",USER,Power Mode = 3600; Serrations = True,HOC-45,"14,200.18",92.1531,1,,7.46,98.4
38,New,H,"1,514,508","7,038,972",470,Yes,Vestas,V136-3.6 at 140m,"3,600",136,140,"Envision V136-3.6MW 3600 136.0 !-! hub: 140,0 m (TOT: 208,0 m) (1201)",USER,Power Mode = 3600; Serrations = True,HOC-6,"14,513.88",84.9125,1,,8.02,100.4
39,New,H,"1,511,167","7,038,483",420,Yes,Vestas,V136-3.6 at 140m,"3,600",136,140,"Envision V136-3.6MW 3600 136.0 !-! hub: 140,0 m (TOT: 208,0 m) (1202)",USER,Power Mode = 3600; Serrations = True,HOC-7,"13,694.59",86.6791,1,,7.58,98.8
40,New,H,"1,511,280","7,037,611",439.9,Yes,Vestas,V136-3.6 at 140m,"3,600",136,140,"Envision V136-3.6MW 3600 136.0 !-! hub: 140,0 m (TOT: 208,0 m) (1203)",USER,Power Mode = 3600; Serrations = True,HOC-8,"13,991.18",87.5284,1,,7.64,99
41,New,H,"1,513,427","7,038,832",452.3,Yes,Vestas,V136-3.6 at 140m,"3,600",136,140,"Envision V136-3.6MW 3600 136.0 !-! hub: 140,0 m (TOT: 208,0 m) (1204)",USER,Power Mode = 3600; Serrations = True,HOC-9,"14,373.73",86.0071,1,,7.89,99.9
1,New,H,"1,513,679","7,037,097",427.2,No,GE WIND ENERGY,GE 3.4-130 at 110m,"3,430",130,110,"GE WIND ENERGY 3.4-130 3430 130.0 !-! hub: 110,0 m (TOT: 175,0 m) (1164)",EMD,Level 0 - 3.4-130 NO mid TI - 04-2016,HOC-10,"11,269.14",91.5165,1,,6.86,100.7
2,New,H,"1,513,858","7,039,015",460,No,GE WIND ENERGY,GE 3.4-130 at 110m,"3,430",130,110,"GE WIND ENERGY 3.4-130 3430 130.0 !-! hub: 110,0 m (TOT: 175,0 m) (1165)",EMD,Level 0 - 3.4-130 NO mid TI - 04-2016,HOC-11,"11,376.39",82.7128,1,,7.31,100.5
3,New,H,"1,513,175","7,040,011",431.9,No,GE WIND ENERGY,GE 3.4-130 at 110m,"3,430",130,110,"GE WIND ENERGY 3.4-130 3430 130.0 !-! hub: 110,0 m (TOT: 175,0 m) (1166)",EMD,Level 0 - 3.4-130 NO mid TI - 04-2016,HOC-12,"11,377.47",86.9491,1,,7.11,100.7
4,New,H,"1,514,436","7,039,734",451.2,No,GE WIND ENERGY,GE 3.4-130 at 110m,"3,430",130,110,"GE WIND ENERGY 3.4-130 3430 130.0 !-! hub: 110,0 m (TOT: 175,0 m) (1167)",EMD,Level 0 - 3.4-130 NO mid TI - 04-2016,HOC-13,"11,356.03",84.1727,1,,7.23,100.6
5,New,H,"1,514,564","7,037,843",455.1,No,GE WIND ENERGY,GE 3.4-130 at 110m,"3,430",130,110,"GE WIND ENERGY 3.4-130 3430 130.0 !-! hub: 110,0 m (TOT: 175,0 m) (1168)",EMD,Level 0 - 3.4-130 NO mid TI - 04-2016,HOC-14,"11,517.56",84.1837,1,,7.29,100.6
6,New,H,"1,508,661","7,038,946",500,No,GE WIND ENERGY,GE 3.4-130 at 110m,"3,430",130,110,"GE WIND ENERGY 3.4-130 3430 130.0 !-! hub: 110,0 m (TOT: 175,0 m) (1169)",EMD,Level 0 - 3.4-130 NO mid TI - 04-2016,HOC-15,"13,931.88",98.5369,1,,7.44,100.5
7,New,H,"1,509,725","7,038,350",458.3,No,GE WIND ENERGY,GE 3.4-130 at 110m,"3,430",130,110,"GE WIND ENERGY 3.4-130 3430 130.0 !-! hub: 110,0 m (TOT: 175,0 m) (1170)",EMD,Level 0 - 3.4-130 NO mid TI - 04-2016,HOC-16,"11,902.97",92.1543,1,,7.05,100.8
8,New,H,"1,513,886","7,040,017",442.3,No,GE WIND ENERGY,GE 3.4-130 at 110m,"3,430",130,110,"GE WIND ENERGY 3.4-130 3430 130.0 !-! hub: 110,0 m (TOT: 175,0 m) (1171)",EMD,Level 0 - 3.4-130 NO mid TI - 04-2016,HOC-18,"11,050.61",82.5321,1,,7.2,100.6
9,New,H,"1,512,776","7,040,337",420,No,GE WIND ENERGY,GE 3.4-130 at 110m,"3,430",130,110,"GE WIND ENERGY 3.4-130 3430 130.0 !-! hub: 110,0 m (TOT: 175,0 m) (1172)",EMD,Level 0 - 3.4-130 NO mid TI - 04-2016,HOC-19,"11,813.33",90.3968,1,,7.1,100.7
10,New,H,"1,514,576","7,037,362",440,No,GE WIND ENERGY,GE 3.4-130 at 110m,"3,430",130,110,"GE WIND ENERGY 3.4-130 3430 130.0 !-! hub: 110,0 m (TOT: 175,0 m) (1173)",EMD,Level 0 - 3.4-130 NO mid TI - 04-2016,HOC-2,"10,709.54",85.2726,1,,6.94,100.8
11,New,H,"1,509,881","7,038,873",460,No,GE WIND ENERGY,GE 3.4-130 at 110m,"3,430",130,110,"GE WIND ENERGY 3.4-130 3430 130.0 !-! hub: 110,0 m (TOT: 175,0 m) (1174)",EMD,Level 0 - 3.4-130 NO mid TI - 04-2016,HOC-20,"11,775.06",90.9303,1,,7.06,100.8
12,New,H,"1,511,684","7,037,999",401.9,No,GE WIND ENERGY,GE 3.4-130 at 110m,"3,430",130,110,"GE WIND ENERGY 3.4-130 3430 130.0 !-! hub: 110,0 m (TOT: 175,0 m) (1175)",EMD,Level 0 - 3.4-130 NO mid TI - 04-2016,HOC-21,"10,377.20",87.5197,1,,6.71,100.6
13,New,H,"1,514,136","7,038,218",450.6,No,GE WIND ENERGY,GE 3.4-130 at 110m,"3,430",130,110,"GE WIND ENERGY 3.4-130 3430 130.0 !-! hub: 110,0 m (TOT: 175,0 m) (1176)",EMD,Level 0 - 3.4-130 NO mid TI - 04-2016,HOC-22,"10,934.27",82.0411,1,,7.18,100.7
14,New,H,"1,510,907","7,038,117",440,No,GE WIND ENERGY,GE 3.4-130 at 110m,"3,430",130,110,"GE WIND ENERGY 3.4-130 3430 130.0 !-! hub: 110,0 m (TOT: 175,0 m) (1177)",EMD,Level 0 - 3.4-130 NO mid TI - 04-2016,HOC-23,"11,193.67",84.6014,1,,7.14,100.7
15,New,H,"1,513,590","7,037,953",451.6,No,GE WIND ENERGY,GE 3.4-130 at 110m,"3,430",130,110,"GE WIND ENERGY 3.4-130 3430 130.0 !-! hub: 110,0 m (TOT: 175,0 m) (1178)",EMD,Level 0 - 3.4-130 NO mid TI - 04-2016,HOC-24,"11,118.11",83.8973,1,,7.15,100.7
16,New,H,"1,514,218","7,039,310",470,No,GE WIND ENERGY,GE 3.4-130 at 110m,"3,430",130,110,"GE WIND ENERGY 3.4-130 3430 130.0 !-! hub: 110,0 m (TOT: 175,0 m) (1179)",EMD,Level 0 - 3.4-130 NO mid TI - 04-2016,HOC-25,"11,639.29",82.7724,1,,7.42,100.5
17,New,H,"1,510,074","7,037,445",464.3,No,GE WIND ENERGY,GE 3.4-130 at 110m,"3,430",130,110,"GE WIND ENERGY 3.4-130 3430 130.0 !-! hub: 110,0 m (TOT: 175,0 m) (1180)",EMD,Level 0 - 3.4-130 NO mid TI - 04-2016,HOC-26,"12,325.59",93.375,1,,7.14,100.7
18,New,H,"1,514,844","7,036,892",442,No,GE WIND ENERGY,GE 3.4-130 at 110m,"3,430",130,110,"GE WIND ENERGY 3.4-130 3430 130.0 !-! hub: 110,0 m (TOT: 175,0 m) (1181)",EMD,Level 0 - 3.4-130 NO mid TI - 04-2016,HOC-27,"11,053.39",89.1531,1,,6.89,100.7
19,New,H,"1,513,430","7,037,593",432.1,No,GE WIND ENERGY,GE 3.4-130 at 110m,"3,430",130,110,"GE WIND ENERGY 3.4-130 3430 130.0 !-! hub: 110,0 m (TOT: 175,0 m) (1182)",EMD,Level 0 - 3.4-130 NO mid TI - 04-2016,HOC-28,"11,253.94",89.1341,1,,6.95,100.8
20,New,H,"1,510,471","7,037,973",440,No,GE WIND ENERGY,GE 3.4-130 at 110m,"3,430",130,110,"GE WIND ENERGY 3.4-130 3430 130.0 !-! hub: 110,0 m (TOT: 175,0 m) (1183)",EMD,Level 0 - 3.4-130 NO mid TI - 04-2016,HOC-29,"10,554.69",83.9381,1,,6.94,100.8
21,New,H,"1,511,153","7,036,979",473.8,No,GE WIND ENERGY,GE 3.4-130 at 110m,"3,430",130,110,"GE WIND ENERGY 3.4-130 3430 130.0 !-! hub: 110,0 m (TOT: 175,0 m) (1184)",EMD,Level 0 - 3.4-130 NO mid TI - 04-2016,HOC-3,"12,462.65",90.9738,1,,7.3,100.6
22,New,H,"1,510,788","7,037,445",450,No,GE WIND ENERGY,GE 3.4-130 at 110m,"3,430",130,110,"GE WIND ENERGY 3.4-130 3430 130.0 !-! hub: 110,0 m (TOT: 175,0 m) (1185)",EMD,Level 0 - 3.4-130 NO mid TI - 04-2016,HOC-30,"11,248.10",85.536,1,,7.12,100.7
23,New,H,"1,513,978","7,040,712",414.4,No,GE WIND ENERGY,GE 3.4-130 at 110m,"3,430",130,110,"GE WIND ENERGY 3.4-130 3430 130.0 !-! hub: 110,0 m (TOT: 175,0 m) (1186)",EMD,Level 0 - 3.4-130 NO mid TI - 04-2016,HOC-32,"11,378.74",90.0977,1,,6.96,100.8
24,New,H,"1,510,252","7,038,518",447.9,No,GE WIND ENERGY,GE 3.4-130 at 110m,"3,430",130,110,"GE WIND ENERGY 3.4-130 3430 130.0 !-! hub: 110,0 m (TOT: 175,0 m) (1187)",EMD,Level 0 - 3.4-130 NO mid TI - 04-2016,HOC-33,"10,948.34",85.7638,1,,7,100.9
25,New,H,"1,513,471","7,040,307",424.9,No,GE WIND ENERGY,GE 3.4-130 at 110m,"3,430",130,110,"GE WIND ENERGY 3.4-130 3430 130.0 !-! hub: 110,0 m (TOT: 175,0 m) (1188)",EMD,Level 0 - 3.4-130 NO mid TI - 04-2016,HOC-34,"10,771.10",84.6099,1,,6.99,100.9
26,New,H,"1,515,082","7,037,303",452.7,No,GE WIND ENERGY,GE 3.4-130 at 110m,"3,430",130,110,"GE WIND ENERGY 3.4-130 3430 130.0 !-! hub: 110,0 m (TOT: 175,0 m) (1189)",EMD,Level 0 - 3.4-130 NO mid TI - 04-2016,HOC-35,"11,324.04",86.6258,1,,7.1,100.7
27,New,H,"1,510,807","7,038,884",440,No,GE WIND ENERGY,GE 3.4-130 at 110m,"3,430",130,110,"GE WIND ENERGY 3.4-130 3430 130.0 !-! hub: 110,0 m (TOT: 175,0 m) (1190)",EMD,Level 0 - 3.4-130 NO mid TI - 04-2016,HOC-36,"11,833.12",89.0759,1,,7.17,100.7
28,New,H,"1,514,573","7,038,534",454.3,No,GE WIND ENERGY,GE 3.4-130 at 110m,"3,430",130,110,"GE WIND ENERGY 3.4-130 3430 130.0 !-! hub: 110,0 m (TOT: 175,0 m) (1191)",EMD,Level 0 - 3.4-130 NO mid TI - 04-2016,HOC-37,"11,005.42",83.668,1,,7.12,100.7
29,New,H,"1,513,293","7,039,252",443.7,No,GE WIND ENERGY,GE 3.4-130 at 110m,"3,430",130,110,"GE WIND ENERGY 3.4-130 3430 130.0 !-! hub: 110,0 m (TOT: 175,0 m) (1192)",EMD,Level 0 - 3.4-130 NO mid TI - 04-2016,HOC-38,"11,580.38",86.7004,1,,7.19,100.6
30,New,H,"1,512,558","7,040,716",404,No,GE WIND ENERGY,GE 3.4-130 at 110m,"3,430",130,110,"GE WIND ENERGY 3.4-130 3430 130.0 !-! hub: 110,0 m (TOT: 175,0 m) (1193)",EMD,Level 0 - 3.4-130 NO mid TI - 04-2016,HOC-39,"11,700.14",92.954,1,,6.95,100.8
31,New,H,"1,513,623","7,039,649",450,No,GE WIND ENERGY,GE 3.4-130 at 110m,"3,430",130,110,"GE WIND ENERGY 3.4-130 3430 130.0 !-! hub: 110,0 m (TOT: 175,0 m) (1194)",EMD,Level 0 - 3.4-130 NO mid TI - 04-2016,HOC-4,"11,274.03",83.3695,1,,7.24,100.6
32,New,H,"1,514,025","7,037,574",459.4,No,GE WIND ENERGY,GE 3.4-130 at 110m,"3,430",130,110,"GE WIND ENERGY 3.4-130 3430 130.0 !-! hub: 110,0 m (TOT: 175,0 m) (1195)",EMD,Level 0 - 3.4-130 NO mid TI - 04-2016,HOC-40,"11,483.00",84.8995,1,,7.24,100.6
33,New,H,"1,509,931","7,037,915",447.6,No,GE WIND ENERGY,GE 3.4-130 at 110m,"3,430",130,110,"GE WIND ENERGY 3.4-130 3430 130.0 !-! hub: 110,0 m (TOT: 175,0 m) (1196)",EMD,Level 0 - 3.4-130 NO mid TI - 04-2016,HOC-41,"11,248.59",89.9001,1,,6.93,100.8
34,New,H,"1,510,579","7,037,063",461,No,GE WIND ENERGY,GE 3.4-130 at 110m,"3,430",130,110,"GE WIND ENERGY 3.4-130 3430 130.0 !-! hub: 110,0 m (TOT: 175,0 m) (1197)",EMD,Level 0 - 3.4-130 NO mid TI - 04-2016,HOC-42,"12,102.28",92.3958,1,,7.1,100.7
35,New,H,"1,513,522","7,038,429",446.1,No,GE WIND ENERGY,GE 3.4-130 at 110m,"3,430",130,110,"GE WIND ENERGY 3.4-130 3430 130.0 !-! hub: 110,0 m (TOT: 175,0 m) (1198)",EMD,Level 0 - 3.4-130 NO mid TI - 04-2016,HOC-43,"11,181.77",84.9075,1,,7.13,100.7
36,New,H,"1,513,014","7,038,136",439.9,No,GE WIND ENERGY,GE 3.4-130 at 110m,"3,430",130,110,"GE WIND ENERGY 3.4-130 3430 130.0 !-! hub: 110,0 m (TOT: 175,0 m) (1199)",EMD,Level 0 - 3.4-130 NO mid TI - 04-2016,HOC-44,"11,898.67",91.4836,1,,7.07,100.8
37,New,H,"1,514,351","7,036,700",430,No,GE WIND ENERGY,GE 3.4-130 at 110m,"3,430",130,110,"GE WIND ENERGY 3.4-130 3430 130.0 !-! hub: 110,0 m (TOT: 175,0 m) (1200)",EMD,Level 0 - 3.4-130 NO mid TI - 04-2016,HOC-45,"11,094.65",91.4205,1,,6.81,100.7
38,New,H,"1,514,508","7,038,972",470,No,GE WIND ENERGY,GE 3.4-130 at 110m,"3,430",130,110,"GE WIND ENERGY 3.4-130 3430 130.0 !-! hub: 110,0 m (TOT: 175,0 m) (1201)",EMD,Level 0 - 3.4-130 NO mid TI - 04-2016,HOC-6,"11,637.24",83.0752,1,,7.4,100.5
39,New,H,"1,511,167","7,038,483",420,No,GE WIND ENERGY,GE 3.4-130 at 110m,"3,430",130,110,"GE WIND ENERGY 3.4-130 3430 130.0 !-! hub: 110,0 m (TOT: 175,0 m) (1202)",EMD,Level 0 - 3.4-130 NO mid TI - 04-2016,HOC-7,"10,721.73",84.7408,1,,6.96,100.8
40,New,H,"1,511,280","7,037,611",439.9,No,GE WIND ENERGY,GE 3.4-130 at 110m,"3,430",130,110,"GE WIND ENERGY 3.4-130 3430 130.0 !-! hub: 110,0 m (TOT: 175,0 m) (1203)",EMD,Level 0 - 3.4-130 NO mid TI - 04-2016,HOC-8,"11,003.86",85.9268,1,,7.01,100.9
41,New,H,"1,513,427","7,038,832",452.3,No,GE WIND ENERGY,GE 3.4-130 at 110m,"3,430",130,110,"GE WIND ENERGY 3.4-130 3430 130.0 !-! hub: 110,0 m (TOT: 175,0 m) (1204)",EMD,Level 0 - 3.4-130 NO mid TI - 04-2016,HOC-9,"11,510.79",84.705,1,,7.26,100.6
1,New,H,"1,513,679","7,037,097",427.2,Yes,NORDEX,N131/3.0 at 131m,"3,000",131,134,"NORDEX N131/3000 3000 131.0 !O! hub: 134,0 m (TOT: 199,5 m) (1164)",EMD,Level 0 - 1.225 kg/mü - R00,HOC-10,"12,323.28",92.6628,1,,7.39,100
2,New,H,"1,513,858","7,039,015",460,Yes,NORDEX,N131/3.0 at 131m,"3,000",131,134,"NORDEX N131/3000 3000 131.0 !O! hub: 134,0 m (TOT: 199,5 m) (1165)",EMD,Level 0 - 1.225 kg/mü - R00,HOC-11,"12,297.74",85.588,1,,7.82,100.7
3,New,H,"1,513,175","7,040,011",431.9,Yes,NORDEX,N131/3.0 at 131m,"3,000",131,134,"NORDEX N131/3000 3000 131.0 !O! hub: 134,0 m (TOT: 199,5 m) (1166)",EMD,Level 0 - 1.225 kg/mü - R00,HOC-12,"12,300.72",88.8628,1,,7.61,100.3
4,New,H,"1,514,436","7,039,734",451.2,Yes,NORDEX,N131/3.0 at 131m,"3,000",131,134,"NORDEX N131/3000 3000 131.0 !O! hub: 134,0 m (TOT: 199,5 m) (1167)",EMD,Level 0 - 1.225 kg/mü - R00,HOC-13,"12,415.53",87.4211,1,,7.75,100.5
5,New,H,"1,514,564","7,037,843",455.1,Yes,NORDEX,N131/3.0 at 131m,"3,000",131,134,"NORDEX N131/3000 3000 131.0 !O! hub: 134,0 m (TOT: 199,5 m) (1168)",EMD,Level 0 - 1.225 kg/mü - R00,HOC-14,"12,313.12",86.8284,1,,7.74,100.5
6,New,H,"1,508,661","7,038,946",500,Yes,NORDEX,N131/3.0 at 131m,"3,000",131,134,"NORDEX N131/3000 3000 131.0 !O! hub: 134,0 m (TOT: 199,5 m) (1169)",EMD,Level 0 - 1.225 kg/mü - R00,HOC-15,"14,345.54",98.7259,1,,7.89,100.8
7,New,H,"1,509,725","7,038,350",458.3,Yes,NORDEX,N131/3.0 at 131m,"3,000",131,134,"NORDEX N131/3000 3000 131.0 !O! hub: 134,0 m (TOT: 199,5 m) (1170)",EMD,Level 0 - 1.225 kg/mü - R00,HOC-16,"12,767.95",92.9548,1,,7.56,100.2
8,New,H,"1,513,886","7,040,017",442.3,Yes,NORDEX,N131/3.0 at 131m,"3,000",131,134,"NORDEX N131/3000 3000 131.0 !O! hub: 134,0 m (TOT: 199,5 m) (1171)",EMD,Level 0 - 1.225 kg/mü - R00,HOC-18,"12,082.22",85.8082,1,,7.7,100.4
9,New,H,"1,512,776","7,040,337",420,Yes,NORDEX,N131/3.0 at 131m,"3,000",131,134,"NORDEX N131/3000 3000 131.0 !O! hub: 134,0 m (TOT: 199,5 m) (1172)",EMD,Level 0 - 1.225 kg/mü - R00,HOC-19,"12,682.84",91.8182,1,,7.6,100.3
10,New,H,"1,514,576","7,037,362",440,Yes,NORDEX,N131/3.0 at 131m,"3,000",131,134,"NORDEX N131/3000 3000 131.0 !O! hub: 134,0 m (TOT: 199,5 m) (1173)",EMD,Level 0 - 1.225 kg/mü - R00,HOC-2,"11,826.60",87.6668,1,,7.47,100.1
11,New,H,"1,509,881","7,038,873",460,Yes,NORDEX,N131/3.0 at 131m,"3,000",131,134,"NORDEX N131/3000 3000 131.0 !O! hub: 134,0 m (TOT: 199,5 m) (1174)",EMD,Level 0 - 1.225 kg/mü - R00,HOC-20,"12,706.71",92.3942,1,,7.57,100.2
12,New,H,"1,511,684","7,037,999",401.9,Yes,NORDEX,N131/3.0 at 131m,"3,000",131,134,"NORDEX N131/3000 3000 131.0 !O! hub: 134,0 m (TOT: 199,5 m) (1175)",EMD,Level 0 - 1.225 kg/mü - R00,HOC-21,"11,592.44",89.7943,1,,7.23,100
13,New,H,"1,514,136","7,038,218",450.6,Yes,NORDEX,N131/3.0 at 131m,"3,000",131,134,"NORDEX N131/3000 3000 131.0 !O! hub: 134,0 m (TOT: 199,5 m) (1176)",EMD,Level 0 - 1.225 kg/mü - R00,HOC-22,"11,940.42",85.028,1,,7.69,100.4
14,New,H,"1,510,907","7,038,117",440,Yes,NORDEX,N131/3.0 at 131m,"3,000",131,134,"NORDEX N131/3000 3000 131.0 !O! hub: 134,0 m (TOT: 199,5 m) (1177)",EMD,Level 0 - 1.225 kg/mü - R00,HOC-23,"12,109.86",87.1401,1,,7.63,100.3
15,New,H,"1,513,590","7,037,953",451.6,Yes,NORDEX,N131/3.0 at 131m,"3,000",131,134,"NORDEX N131/3000 3000 131.0 !O! hub: 134,0 m (TOT: 199,5 m) (1178)",EMD,Level 0 - 1.225 kg/mü - R00,HOC-24,"12,103.59",86.4847,1,,7.67,100.4
16,New,H,"1,514,218","7,039,310",470,Yes,NORDEX,N131/3.0 at 131m,"3,000",131,134,"NORDEX N131/3000 3000 131.0 !O! hub: 134,0 m (TOT: 199,5 m) (1179)",EMD,Level 0 - 1.225 kg/mü - R00,HOC-25,"12,515.71",85.7993,1,,7.91,100.9
17,New,H,"1,510,074","7,037,445",464.3,Yes,NORDEX,N131/3.0 at 131m,"3,000",131,134,"NORDEX N131/3000 3000 131.0 !O! hub: 134,0 m (TOT: 199,5 m) (1180)",EMD,Level 0 - 1.225 kg/mü - R00,HOC-26,"13,106.85",93.9455,1,,7.65,100.3
18,New,H,"1,514,844","7,036,892",442,Yes,NORDEX,N131/3.0 at 131m,"3,000",131,134,"NORDEX N131/3000 3000 131.0 !O! hub: 134,0 m (TOT: 199,5 m) (1181)",EMD,Level 0 - 1.225 kg/mü - R00,HOC-27,"12,141.01",90.9131,1,,7.42,100.1
19,New,H,"1,513,430","7,037,593",432.1,Yes,NORDEX,N131/3.0 at 131m,"3,000",131,134,"NORDEX N131/3000 3000 131.0 !O! hub: 134,0 m (TOT: 199,5 m) (1182)",EMD,Level 0 - 1.225 kg/mü - R00,HOC-28,"12,263.56",90.6049,1,,7.47,100.1
20,New,H,"1,510,471","7,037,973",440,Yes,NORDEX,N131/3.0 at 131m,"3,000",131,134,"NORDEX N131/3000 3000 131.0 !O! hub: 134,0 m (TOT: 199,5 m) (1183)",EMD,Level 0 - 1.225 kg/mü - R00,HOC-29,"11,672.63",86.4392,1,,7.48,100.1
21,New,H,"1,511,153","7,036,979",473.8,Yes,NORDEX,N131/3.0 at 131m,"3,000",131,134,"NORDEX N131/3000 3000 131.0 !O! hub: 134,0 m (TOT: 199,5 m) (1184)",EMD,Level 0 - 1.225 kg/mü - R00,HOC-3,"13,181.18",92.3057,1,,7.79,100.6
22,New,H,"1,510,788","7,037,445",450,Yes,NORDEX,N131/3.0 at 131m,"3,000",131,134,"NORDEX N131/3000 3000 131.0 !O! hub: 134,0 m (TOT: 199,5 m) (1185)",EMD,Level 0 - 1.225 kg/mü - R00,HOC-30,"12,230.73",87.8401,1,,7.64,100.3
23,New,H,"1,513,978","7,040,712",414.4,Yes,NORDEX,N131/3.0 at 131m,"3,000",131,134,"NORDEX N131/3000 3000 131.0 !O! hub: 134,0 m (TOT: 199,5 m) (1186)",EMD,Level 0 - 1.225 kg/mü - R00,HOC-32,"12,474.44",92.1259,1,,7.49,100.1
24,New,H,"1,510,252","7,038,518",447.9,Yes,NORDEX,N131/3.0 at 131m,"3,000",131,134,"NORDEX N131/3000 3000 131.0 !O! hub: 134,0 m (TOT: 199,5 m) (1187)",EMD,Level 0 - 1.225 kg/mü - R00,HOC-33,"12,043.96",88.1437,1,,7.53,100.2
25,New,H,"1,513,471","7,040,307",424.9,Yes,NORDEX,N131/3.0 at 131m,"3,000",131,134,"NORDEX N131/3000 3000 131.0 !O! hub: 134,0 m (TOT: 199,5 m) (1188)",EMD,Level 0 - 1.225 kg/mü - R00,HOC-34,"11,862.96",87.297,1,,7.51,100.1
26,New,H,"1,515,082","7,037,303",452.7,Yes,NORDEX,N131/3.0 at 131m,"3,000",131,134,"NORDEX N131/3000 3000 131.0 !O! hub: 134,0 m (TOT: 199,5 m) (1189)",EMD,Level 0 - 1.225 kg/mü - R00,HOC-35,"12,353.86",89.2887,1,,7.61,100.3
27,New,H,"1,510,807","7,038,884",440,Yes,NORDEX,N131/3.0 at 131m,"3,000",131,134,"NORDEX N131/3000 3000 131.0 !O! hub: 134,0 m (TOT: 199,5 m) (1190)",EMD,Level 0 - 1.225 kg/mü - R00,HOC-36,"12,705.67",91.0323,1,,7.65,100.3
28,New,H,"1,514,573","7,038,534",454.3,Yes,NORDEX,N131/3.0 at 131m,"3,000",131,134,"NORDEX N131/3000 3000 131.0 !O! hub: 134,0 m (TOT: 199,5 m) (1191)",EMD,Level 0 - 1.225 kg/mü - R00,HOC-37,"12,083.64",86.659,1,,7.65,100.3
29,New,H,"1,513,293","7,039,252",443.7,Yes,NORDEX,N131/3.0 at 131m,"3,000",131,134,"NORDEX N131/3000 3000 131.0 !O! hub: 134,0 m (TOT: 199,5 m) (1192)",EMD,Level 0 - 1.225 kg/mü - R00,HOC-38,"12,432.61",88.4696,1,,7.69,100.4
30,New,H,"1,512,558","7,040,716",404,Yes,NORDEX,N131/3.0 at 131m,"3,000",131,134,"NORDEX N131/3000 3000 131.0 !O! hub: 134,0 m (TOT: 199,5 m) (1193)",EMD,Level 0 - 1.225 kg/mü - R00,HOC-39,"12,645.93",93.9784,1,,7.46,100.1
31,New,H,"1,513,623","7,039,649",450,Yes,NORDEX,N131/3.0 at 131m,"3,000",131,134,"NORDEX N131/3000 3000 131.0 !O! hub: 134,0 m (TOT: 199,5 m) (1194)",EMD,Level 0 - 1.225 kg/mü - R00,HOC-4,"12,214.36",86.1119,1,,7.75,100.5
32,New,H,"1,514,025","7,037,574",459.4,Yes,NORDEX,N131/3.0 at 131m,"3,000",131,134,"NORDEX N131/3000 3000 131.0 !O! hub: 134,0 m (TOT: 199,5 m) (1195)",EMD,Level 0 - 1.225 kg/mü - R00,HOC-40,"12,382.92",87.3184,1,,7.74,100.5
33,New,H,"1,509,931","7,037,915",447.6,Yes,NORDEX,N131/3.0 at 131m,"3,000",131,134,"NORDEX N131/3000 3000 131.0 !O! hub: 134,0 m (TOT: 199,5 m) (1196)",EMD,Level 0 - 1.225 kg/mü - R00,HOC-41,"12,236.50",91.0436,1,,7.45,100.1
34,New,H,"1,510,579","7,037,063",461,Yes,NORDEX,N131/3.0 at 131m,"3,000",131,134,"NORDEX N131/3000 3000 131.0 !O! hub: 134,0 m (TOT: 199,5 m) (1197)",EMD,Level 0 - 1.225 kg/mü - R00,HOC-42,"12,942.64",93.2884,1,,7.62,100.3
35,New,H,"1,513,522","7,038,429",446.1,Yes,NORDEX,N131/3.0 at 131m,"3,000",131,134,"NORDEX N131/3000 3000 131.0 !O! hub: 134,0 m (TOT: 199,5 m) (1198)",EMD,Level 0 - 1.225 kg/mü - R00,HOC-43,"12,145.73",87.1196,1,,7.64,100.3
36,New,H,"1,513,014","7,038,136",439.9,Yes,NORDEX,N131/3.0 at 131m,"3,000",131,134,"NORDEX N131/3000 3000 131.0 !O! hub: 134,0 m (TOT: 199,5 m) (1199)",EMD,Level 0 - 1.225 kg/mü - R00,HOC-44,"12,720.00",92.5181,1,,7.56,100.2
37,New,H,"1,514,351","7,036,700",430,Yes,NORDEX,N131/3.0 at 131m,"3,000",131,134,"NORDEX N131/3000 3000 131.0 !O! hub: 134,0 m (TOT: 199,5 m) (1200)",EMD,Level 0 - 1.225 kg/mü - R00,HOC-45,"12,160.94",92.6192,1,,7.33,100
38,New,H,"1,514,508","7,038,972",470,Yes,NORDEX,N131/3.0 at 131m,"3,000",131,134,"NORDEX N131/3000 3000 131.0 !O! hub: 134,0 m (TOT: 199,5 m) (1201)",EMD,Level 0 - 1.225 kg/mü - R00,HOC-6,"12,532.18",86.1447,1,,7.9,100.8
39,New,H,"1,511,167","7,038,483",420,Yes,NORDEX,N131/3.0 at 131m,"3,000",131,134,"NORDEX N131/3000 3000 131.0 !O! hub: 134,0 m (TOT: 199,5 m) (1202)",EMD,Level 0 - 1.225 kg/mü - R00,HOC-7,"11,812.82",87.6473,1,,7.45,100.1
40,New,H,"1,511,280","7,037,611",439.9,Yes,NORDEX,N131/3.0 at 131m,"3,000",131,134,"NORDEX N131/3000 3000 131.0 !O! hub: 134,0 m (TOT: 199,5 m) (1203)",EMD,Level 0 - 1.225 kg/mü - R00,HOC-8,"12,041.04",88.3842,1,,7.52,100.1
41,New,H,"1,513,427","7,038,832",452.3,Yes,NORDEX,N131/3.0 at 131m,"3,000",131,134,"NORDEX N131/3000 3000 131.0 !O! hub: 134,0 m (TOT: 199,5 m) (1204)",EMD,Level 0 - 1.225 kg/mü - R00,HOC-9,"12,367.00",86.9037,1,,7.76,100.5
1,New,H,"1,513,679","7,037,097",427.2,Yes,SENVION,MM122-3.2 at 122m,"3,200",122,119,"SENVION 3.2M122 NES 3200 122.0 !O! hub: 119,0 m (TOT: 180,0 m) (1164)",EMD,Level 0 - Measured - Before trafo - open mode - 09-2015,HOC-10,"10,878.80",92.942,1,,7.06,100.7
2,New,H,"1,513,858","7,039,015",460,Yes,SENVION,MM122-3.2 at 122m,"3,200",122,119,"SENVION 3.2M122 NES 3200 122.0 !O! hub: 119,0 m (TOT: 180,0 m) (1165)",EMD,Level 0 - Measured - Before trafo - open mode - 09-2015,HOC-11,"11,087.81",85.458,1,,7.5,100.5
3,New,H,"1,513,175","7,040,011",431.9,Yes,SENVION,MM122-3.2 at 122m,"3,200",122,119,"SENVION 3.2M122 NES 3200 122.0 !O! hub: 119,0 m (TOT: 180,0 m) (1166)",EMD,Level 0 - Measured - Before trafo - open mode - 09-2015,HOC-12,"11,021.73",89.0737,1,,7.3,100.5
4,New,H,"1,514,436","7,039,734",451.2,Yes,SENVION,MM122-3.2 at 122m,"3,200",122,119,"SENVION 3.2M122 NES 3200 122.0 !O! hub: 119,0 m (TOT: 180,0 m) (1167)",EMD,Level 0 - Measured - Before trafo - open mode - 09-2015,HOC-13,"11,068.51",86.798,1,,7.43,100.5
5,New,H,"1,514,564","7,037,843",455.1,Yes,SENVION,MM122-3.2 at 122m,"3,200",122,119,"SENVION 3.2M122 NES 3200 122.0 !O! hub: 119,0 m (TOT: 180,0 m) (1168)",EMD,Level 0 - Measured - Before trafo - open mode - 09-2015,HOC-14,"11,127.49",86.5922,1,,7.46,100.5
6,New,H,"1,508,661","7,038,946",500,Yes,SENVION,MM122-3.2 at 122m,"3,200",122,119,"SENVION 3.2M122 NES 3200 122.0 !O! hub: 119,0 m (TOT: 180,0 m) (1169)",EMD,Level 0 - Measured - Before trafo - open mode - 09-2015,HOC-15,"13,103.66",98.8006,1,,7.61,100.6
7,New,H,"1,509,725","7,038,350",458.3,Yes,SENVION,MM122-3.2 at 122m,"3,200",122,119,"SENVION 3.2M122 NES 3200 122.0 !O! hub: 119,0 m (TOT: 180,0 m) (1170)",EMD,Level 0 - Measured - Before trafo - open mode - 09-2015,HOC-16,"11,417.73",93.3595,1,,7.24,100.5
8,New,H,"1,513,886","7,040,017",442.3,Yes,SENVION,MM122-3.2 at 122m,"3,200",122,119,"SENVION 3.2M122 NES 3200 122.0 !O! hub: 119,0 m (TOT: 180,0 m) (1171)",EMD,Level 0 - Measured - Before trafo - open mode - 09-2015,HOC-18,"10,780.59",85.2732,1,,7.39,100.5
9,New,H,"1,512,776","7,040,337",420,Yes,SENVION,MM122-3.2 at 122m,"3,200",122,119,"SENVION 3.2M122 NES 3200 122.0 !O! hub: 119,0 m (TOT: 180,0 m) (1172)",EMD,Level 0 - Measured - Before trafo - open mode - 09-2015,HOC-19,"11,364.42",92.0089,1,,7.29,100.5
10,New,H,"1,514,576","7,037,362",440,Yes,SENVION,MM122-3.2 at 122m,"3,200",122,119,"SENVION 3.2M122 NES 3200 122.0 !O! hub: 119,0 m (TOT: 180,0 m) (1173)",EMD,Level 0 - Measured - Before trafo - open mode - 09-2015,HOC-2,"10,451.47",87.6532,1,,7.14,100.6
11,New,H,"1,509,881","7,038,873",460,Yes,SENVION,MM122-3.2 at 122m,"3,200",122,119,"SENVION 3.2M122 NES 3200 122.0 !O! hub: 119,0 m (TOT: 180,0 m) (1174)",EMD,Level 0 - Measured - Before trafo - open mode - 09-2015,HOC-20,"11,319.69",92.3695,1,,7.25,100.5
12,New,H,"1,511,684","7,037,999",401.9,Yes,SENVION,MM122-3.2 at 122m,"3,200",122,119,"SENVION 3.2M122 NES 3200 122.0 !O! hub: 119,0 m (TOT: 180,0 m) (1175)",EMD,Level 0 - Measured - Before trafo - open mode - 09-2015,HOC-21,"10,100.39",89.5654,1,,6.91,100.6
13,New,H,"1,514,136","7,038,218",450.6,Yes,SENVION,MM122-3.2 at 122m,"3,200",122,119,"SENVION 3.2M122 NES 3200 122.0 !O! hub: 119,0 m (TOT: 180,0 m) (1176)",EMD,Level 0 - Measured - Before trafo - open mode - 09-2015,HOC-22,"10,693.21",84.8987,1,,7.37,100.5
14,New,H,"1,510,907","7,038,117",440,Yes,SENVION,MM122-3.2 at 122m,"3,200",122,119,"SENVION 3.2M122 NES 3200 122.0 !O! hub: 119,0 m (TOT: 180,0 m) (1177)",EMD,Level 0 - Measured - Before trafo - open mode - 09-2015,HOC-23,"10,863.55",87.0587,1,,7.33,100.5
15,New,H,"1,513,590","7,037,953",451.6,Yes,SENVION,MM122-3.2 at 122m,"3,200",122,119,"SENVION 3.2M122 NES 3200 122.0 !O! hub: 119,0 m (TOT: 180,0 m) (1178)",EMD,Level 0 - Measured - Before trafo - open mode - 09-2015,HOC-24,"10,832.14",86.4395,1,,7.35,100.5
16,New,H,"1,514,218","7,039,310",470,Yes,SENVION,MM122-3.2 at 122m,"3,200",122,119,"SENVION 3.2M122 NES 3200 122.0 !O! hub: 119,0 m (TOT: 180,0 m) (1179)",EMD,Level 0 - Measured - Before trafo - open mode - 09-2015,HOC-25,"11,324.38",85.5058,1,,7.6,100.6
17,New,H,"1,510,074","7,037,445",464.3,Yes,SENVION,MM122-3.2 at 122m,"3,200",122,119,"SENVION 3.2M122 NES 3200 122.0 !O! hub: 119,0 m (TOT: 180,0 m) (1180)",EMD,Level 0 - Measured - Before trafo - open mode - 09-2015,HOC-26,"11,782.94",94.3825,1,,7.33,100.5
18,New,H,"1,514,844","7,036,892",442,Yes,SENVION,MM122-3.2 at 122m,"3,200",122,119,"SENVION 3.2M122 NES 3200 122.0 !O! hub: 119,0 m (TOT: 180,0 m) (1181)",EMD,Level 0 - Measured - Before trafo - open mode - 09-2015,HOC-27,"10,707.29",90.9217,1,,7.09,100.6
19,New,H,"1,513,430","7,037,593",432.1,Yes,SENVION,MM122-3.2 at 122m,"3,200",122,119,"SENVION 3.2M122 NES 3200 122.0 !O! hub: 119,0 m (TOT: 180,0 m) (1182)",EMD,Level 0 - Measured - Before trafo - open mode - 09-2015,HOC-28,"10,889.77",90.9244,1,,7.15,100.6
20,New,H,"1,510,471","7,037,973",440,Yes,SENVION,MM122-3.2 at 122m,"3,200",122,119,"SENVION 3.2M122 NES 3200 122.0 !O! hub: 119,0 m (TOT: 180,0 m) (1183)",EMD,Level 0 - Measured - Before trafo - open mode - 09-2015,HOC-29,"10,320.35",86.4368,1,,7.14,100.6
21,New,H,"1,511,153","7,036,979",473.8,Yes,SENVION,MM122-3.2 at 122m,"3,200",122,119,"SENVION 3.2M122 NES 3200 122.0 !O! hub: 119,0 m (TOT: 180,0 m) (1184)",EMD,Level 0 - Measured - Before trafo - open mode - 09-2015,HOC-3,"11,926.63",92.3931,1,,7.48,100.5
22,New,H,"1,510,788","7,037,445",450,Yes,SENVION,MM122-3.2 at 122m,"3,200",122,119,"SENVION 3.2M122 NES 3200 122.0 !O! hub: 119,0 m (TOT: 180,0 m) (1185)",EMD,Level 0 - Measured - Before trafo - open mode - 09-2015,HOC-30,"10,920.10",87.7652,1,,7.31,100.5
23,New,H,"1,513,978","7,040,712",414.4,Yes,SENVION,MM122-3.2 at 122m,"3,200",122,119,"SENVION 3.2M122 NES 3200 122.0 !O! hub: 119,0 m (TOT: 180,0 m) (1186)",EMD,Level 0 - Measured - Before trafo - open mode - 09-2015,HOC-32,"11,006.14",91.8283,1,,7.16,100.6
24,New,H,"1,510,252","7,038,518",447.9,Yes,SENVION,MM122-3.2 at 122m,"3,200",122,119,"SENVION 3.2M122 NES 3200 122.0 !O! hub: 119,0 m (TOT: 180,0 m) (1187)",EMD,Level 0 - Measured - Before trafo - open mode - 09-2015,HOC-33,"10,660.71",88.0241,1,,7.2,100.5
25,New,H,"1,513,471","7,040,307",424.9,Yes,SENVION,MM122-3.2 at 122m,"3,200",122,119,"SENVION 3.2M122 NES 3200 122.0 !O! hub: 119,0 m (TOT: 180,0 m) (1188)",EMD,Level 0 - Measured - Before trafo - open mode - 09-2015,HOC-34,"10,508.43",87.1219,1,,7.19,100.5
26,New,H,"1,515,082","7,037,303",452.7,Yes,SENVION,MM122-3.2 at 122m,"3,200",122,119,"SENVION 3.2M122 NES 3200 122.0 !O! hub: 119,0 m (TOT: 180,0 m) (1189)",EMD,Level 0 - Measured - Before trafo - open mode - 09-2015,HOC-35,"10,977.21",88.8006,1,,7.29,100.5
27,New,H,"1,510,807","7,038,884",440,Yes,SENVION,MM122-3.2 at 122m,"3,200",122,119,"SENVION 3.2M122 NES 3200 122.0 !O! hub: 119,0 m (TOT: 180,0 m) (1190)",EMD,Level 0 - Measured - Before trafo - open mode - 09-2015,HOC-36,"11,385.02",90.851,1,,7.35,100.5
28,New,H,"1,514,573","7,038,534",454.3,Yes,SENVION,MM122-3.2 at 122m,"3,200",122,119,"SENVION 3.2M122 NES 3200 122.0 !O! hub: 119,0 m (TOT: 180,0 m) (1191)",EMD,Level 0 - Measured - Before trafo - open mode - 09-2015,HOC-37,"10,756.16",86.3795,1,,7.32,100.5
29,New,H,"1,513,293","7,039,252",443.7,Yes,SENVION,MM122-3.2 at 122m,"3,200",122,119,"SENVION 3.2M122 NES 3200 122.0 !O! hub: 119,0 m (TOT: 180,0 m) (1192)",EMD,Level 0 - Measured - Before trafo - open mode - 09-2015,HOC-38,"11,205.23",88.8313,1,,7.37,100.5
30,New,H,"1,512,558","7,040,716",404,Yes,SENVION,MM122-3.2 at 122m,"3,200",122,119,"SENVION 3.2M122 NES 3200 122.0 !O! hub: 119,0 m (TOT: 180,0 m) (1193)",EMD,Level 0 - Measured - Before trafo - open mode - 09-2015,HOC-39,"11,229.56",94.1619,1,,7.14,100.6
31,New,H,"1,513,623","7,039,649",450,Yes,SENVION,MM122-3.2 at 122m,"3,200",122,119,"SENVION 3.2M122 NES 3200 122.0 !O! hub: 119,0 m (TOT: 180,0 m) (1194)",EMD,Level 0 - Measured - Before trafo - open mode - 09-2015,HOC-4,"10,980.95",86.0198,1,,7.43,100.5
32,New,H,"1,514,025","7,037,574",459.4,Yes,SENVION,MM122-3.2 at 122m,"3,200",122,119,"SENVION 3.2M122 NES 3200 122.0 !O! hub: 119,0 m (TOT: 180,0 m) (1195)",EMD,Level 0 - Measured - Before trafo - open mode - 09-2015,HOC-40,"11,137.49",87.251,1,,7.43,100.5
33,New,H,"1,509,931","7,037,915",447.6,Yes,SENVION,MM122-3.2 at 122m,"3,200",122,119,"SENVION 3.2M122 NES 3200 122.0 !O! hub: 119,0 m (TOT: 180,0 m) (1196)",EMD,Level 0 - Measured - Before trafo - open mode - 09-2015,HOC-41,"10,855.06",91.3709,1,,7.12,100.6
34,New,H,"1,510,579","7,037,063",461,Yes,SENVION,MM122-3.2 at 122m,"3,200",122,119,"SENVION 3.2M122 NES 3200 122.0 !O! hub: 119,0 m (TOT: 180,0 m) (1197)",EMD,Level 0 - Measured - Before trafo - open mode - 09-2015,HOC-42,"11,596.06",93.5726,1,,7.29,100.5
35,New,H,"1,513,522","7,038,429",446.1,Yes,SENVION,MM122-3.2 at 122m,"3,200",122,119,"SENVION 3.2M122 NES 3200 122.0 !O! hub: 119,0 m (TOT: 180,0 m) (1198)",EMD,Level 0 - Measured - Before trafo - open mode - 09-2015,HOC-43,"10,874.31",87.2625,1,,7.32,100.5
36,New,H,"1,513,014","7,038,136",439.9,Yes,SENVION,MM122-3.2 at 122m,"3,200",122,119,"SENVION 3.2M122 NES 3200 122.0 !O! hub: 119,0 m (TOT: 180,0 m) (1199)",EMD,Level 0 - Measured - Before trafo - open mode - 09-2015,HOC-44,"11,408.25",92.8774,1,,7.25,100.5
37,New,H,"1,514,351","7,036,700",430,Yes,SENVION,MM122-3.2 at 122m,"3,200",122,119,"SENVION 3.2M122 NES 3200 122.0 !O! hub: 119,0 m (TOT: 180,0 m) (1200)",EMD,Level 0 - Measured - Before trafo - open mode - 09-2015,HOC-45,"10,706.24",92.8368,1,,7.01,100.7
38,New,H,"1,514,508","7,038,972",470,Yes,SENVION,MM122-3.2 at 122m,"3,200",122,119,"SENVION 3.2M122 NES 3200 122.0 !O! hub: 119,0 m (TOT: 180,0 m) (1201)",EMD,Level 0 - Measured - Before trafo - open mode - 09-2015,HOC-6,"11,318.63",85.7723,1,,7.59,100.6
39,New,H,"1,511,167","7,038,483",420,Yes,SENVION,MM122-3.2 at 122m,"3,200",122,119,"SENVION 3.2M122 NES 3200 122.0 !O! hub: 119,0 m (TOT: 180,0 m) (1202)",EMD,Level 0 - Measured - Before trafo - open mode - 09-2015,HOC-7,"10,433.58",87.1724,1,,7.15,100.6
40,New,H,"1,511,280","7,037,611",439.9,Yes,SENVION,MM122-3.2 at 122m,"3,200",122,119,"SENVION 3.2M122 NES 3200 122.0 !O! hub: 119,0 m (TOT: 180,0 m) (1203)",EMD,Level 0 - Measured - Before trafo - open mode - 09-2015,HOC-8,"10,688.37",88.1844,1,,7.2,100.5
41,New,H,"1,513,427","7,038,832",452.3,Yes,SENVION,MM122-3.2 at 122m,"3,200",122,119,"SENVION 3.2M122 NES 3200 122.0 !O! hub: 119,0 m (TOT: 180,0 m) (1204)",EMD,Level 0 - Measured - Before trafo - open mode - 09-2015,HOC-9,"11,169.57",87.1075,1,,7.45,100.5
1,New,H,"1,513,679","7,037,097",427.2,Yes,Siemens,SWT-3.6-130 at 135m,"3,600",130,135,"Siemens SWT-3.6-130 3600 130.0 !O! hub: 135,0 m (TOT: 200,0 m) (1164)",EMD,Level 0 - Calculated - Std. 106dB - 04-2016,HOC-10,"13,334.93",91.7159,1,,7.41,99.3
2,New,H,"1,513,858","7,039,015",460,Yes,Siemens,SWT-3.6-130 at 135m,"3,600",130,135,"Siemens SWT-3.6-130 3600 130.0 !O! hub: 135,0 m (TOT: 200,0 m) (1165)",EMD,Level 0 - Calculated - Std. 106dB - 04-2016,HOC-11,"13,078.79",82.5433,1,,7.84,99.5
3,New,H,"1,513,175","7,040,011",431.9,Yes,Siemens,SWT-3.6-130 at 135m,"3,600",130,135,"Siemens SWT-3.6-130 3600 130.0 !O! hub: 135,0 m (TOT: 200,0 m) (1166)",EMD,Level 0 - Calculated - Std. 106dB - 04-2016,HOC-12,"13,242.28",87.1043,1,,7.63,99.4
4,New,H,"1,514,436","7,039,734",451.2,Yes,Siemens,SWT-3.6-130 at 135m,"3,600",130,135,"Siemens SWT-3.6-130 3600 130.0 !O! hub: 135,0 m (TOT: 200,0 m) (1167)",EMD,Level 0 - Calculated - Std. 106dB - 04-2016,HOC-13,"13,197.91",84.4035,1,,7.77,99.5
5,New,H,"1,514,564","7,037,843",455.1,Yes,Siemens,SWT-3.6-130 at 135m,"3,600",130,135,"Siemens SWT-3.6-130 3600 130.0 !O! hub: 135,0 m (TOT: 200,0 m) (1168)",EMD,Level 0 - Calculated - Std. 106dB - 04-2016,HOC-14,"13,079.48",83.8316,1,,7.76,99.5
6,New,H,"1,508,661","7,038,946",500,Yes,Siemens,SWT-3.6-130 at 135m,"3,600",130,135,"Siemens SWT-3.6-130 3600 130.0 !O! hub: 135,0 m (TOT: 200,0 m) (1169)",EMD,Level 0 - Calculated - Std. 106dB - 04-2016,HOC-15,"15,810.63",98.5645,1,,7.91,99.6
7,New,H,"1,509,725","7,038,350",458.3,Yes,Siemens,SWT-3.6-130 at 135m,"3,600",130,135,"Siemens SWT-3.6-130 3600 130.0 !O! hub: 135,0 m (TOT: 200,0 m) (1170)",EMD,Level 0 - Calculated - Std. 106dB - 04-2016,HOC-16,"13,870.70",92.0571,1,,7.59,99.3
8,New,H,"1,513,886","7,040,017",442.3,Yes,Siemens,SWT-3.6-130 at 135m,"3,600",130,135,"Siemens SWT-3.6-130 3600 130.0 !O! hub: 135,0 m (TOT: 200,0 m) (1171)",EMD,Level 0 - Calculated - Std. 106dB - 04-2016,HOC-18,"12,769.70",82.4625,1,,7.72,99.4
9,New,H,"1,512,776","7,040,337",420,Yes,Siemens,SWT-3.6-130 at 135m,"3,600",130,135,"Siemens SWT-3.6-130 3600 130.0 !O! hub: 135,0 m (TOT: 200,0 m) (1172)",EMD,Level 0 - Calculated - Std. 106dB - 04-2016,HOC-19,"13,742.04",90.6136,1,,7.62,99.4
10,New,H,"1,514,576","7,037,362",440,Yes,Siemens,SWT-3.6-130 at 135m,"3,600",130,135,"Siemens SWT-3.6-130 3600 130.0 !O! hub: 135,0 m (TOT: 200,0 m) (1173)",EMD,Level 0 - Calculated - Std. 106dB - 04-2016,HOC-2,"12,595.41",85.2769,1,,7.49,99.3
11,New,H,"1,509,881","7,038,873",460,Yes,Siemens,SWT-3.6-130 at 135m,"3,600",130,135,"Siemens SWT-3.6-130 3600 130.0 !O! hub: 135,0 m (TOT: 200,0 m) (1174)",EMD,Level 0 - Calculated - Std. 106dB - 04-2016,HOC-20,"13,717.73",90.9305,1,,7.59,99.3
12,New,H,"1,511,684","7,037,999",401.9,Yes,Siemens,SWT-3.6-130 at 135m,"3,600",130,135,"Siemens SWT-3.6-130 3600 130.0 !O! hub: 135,0 m (TOT: 200,0 m) (1175)",EMD,Level 0 - Calculated - Std. 106dB - 04-2016,HOC-21,"12,329.65",87.7208,1,,7.25,99.4
13,New,H,"1,514,136","7,038,218",450.6,Yes,Siemens,SWT-3.6-130 at 135m,"3,600",130,135,"Siemens SWT-3.6-130 3600 130.0 !O! hub: 135,0 m (TOT: 200,0 m) (1176)",EMD,Level 0 - Calculated - Std. 106dB - 04-2016,HOC-22,"12,658.96",81.9517,1,,7.71,99.4
14,New,H,"1,510,907","7,038,117",440,Yes,Siemens,SWT-3.6-130 at 135m,"3,600",130,135,"Siemens SWT-3.6-130 3600 130.0 !O! hub: 135,0 m (TOT: 200,0 m) (1177)",EMD,Level 0 - Calculated - Std. 106dB - 04-2016,HOC-23,"12,886.80",84.4268,1,,7.65,99.4
15,New,H,"1,513,590","7,037,953",451.6,Yes,Siemens,SWT-3.6-130 at 135m,"3,600",130,135,"Siemens SWT-3.6-130 3600 130.0 !O! hub: 135,0 m (TOT: 200,0 m) (1178)",EMD,Level 0 - Calculated - Std. 106dB - 04-2016,HOC-24,"12,912.03",83.9132,1,,7.69,99.4
16,New,H,"1,514,218","7,039,310",470,Yes,Siemens,SWT-3.6-130 at 135m,"3,600",130,135,"Siemens SWT-3.6-130 3600 130.0 !O! hub: 135,0 m (TOT: 200,0 m) (1179)",EMD,Level 0 - Calculated - Std. 106dB - 04-2016,HOC-25,"13,315.21",82.6207,1,,7.93,99.7
17,New,H,"1,510,074","7,037,445",464.3,Yes,Siemens,SWT-3.6-130 at 135m,"3,600",130,135,"Siemens SWT-3.6-130 3600 130.0 !O! hub: 135,0 m (TOT: 200,0 m) (1180)",EMD,Level 0 - Calculated - Std. 106dB - 04-2016,HOC-26,"14,302.60",93.2644,1,,7.67,99.4
18,New,H,"1,514,844","7,036,892",442,Yes,Siemens,SWT-3.6-130 at 135m,"3,600",130,135,"Siemens SWT-3.6-130 3600 130.0 !O! hub: 135,0 m (TOT: 200,0 m) (1181)",EMD,Level 0 - Calculated - Std. 106dB - 04-2016,HOC-27,"13,039.60",89.2749,1,,7.44,99.3
19,New,H,"1,513,430","7,037,593",432.1,Yes,Siemens,SWT-3.6-130 at 135m,"3,600",130,135,"Siemens SWT-3.6-130 3600 130.0 !O! hub: 135,0 m (TOT: 200,0 m) (1182)",EMD,Level 0 - Calculated - Std. 106dB - 04-2016,HOC-28,"13,224.72",89.2455,1,,7.5,99.3
20,New,H,"1,510,471","7,037,973",440,Yes,Siemens,SWT-3.6-130 at 135m,"3,600",130,135,"Siemens SWT-3.6-130 3600 130.0 !O! hub: 135,0 m (TOT: 200,0 m) (1183)",EMD,Level 0 - Calculated - Std. 106dB - 04-2016,HOC-29,"12,395.87",83.8177,1,,7.5,99.3
21,New,H,"1,511,153","7,036,979",473.8,Yes,Siemens,SWT-3.6-130 at 135m,"3,600",130,135,"Siemens SWT-3.6-130 3600 130.0 !O! hub: 135,0 m (TOT: 200,0 m) (1184)",EMD,Level 0 - Calculated - Std. 106dB - 04-2016,HOC-3,"14,302.62",90.8752,1,,7.81,99.5
22,New,H,"1,510,788","7,037,445",450,Yes,Siemens,SWT-3.6-130 at 135m,"3,600",130,135,"Siemens SWT-3.6-130 3600 130.0 !O! hub: 135,0 m (TOT: 200,0 m) (1185)",EMD,Level 0 - Calculated - Std. 106dB - 04-2016,HOC-30,"13,056.72",85.3475,1,,7.66,99.4
23,New,H,"1,513,978","7,040,712",414.4,Yes,Siemens,SWT-3.6-130 at 135m,"3,600",130,135,"Siemens SWT-3.6-130 3600 130.0 !O! hub: 135,0 m (TOT: 200,0 m) (1186)",EMD,Level 0 - Calculated - Std. 106dB - 04-2016,HOC-32,"13,411.20",90.419,1,,7.51,99.3
24,New,H,"1,510,252","7,038,518",447.9,Yes,Siemens,SWT-3.6-130 at 135m,"3,600",130,135,"Siemens SWT-3.6-130 3600 130.0 !O! hub: 135,0 m (TOT: 200,0 m) (1187)",EMD,Level 0 - Calculated - Std. 106dB - 04-2016,HOC-33,"12,832.15",85.6833,1,,7.55,99.3
25,New,H,"1,513,471","7,040,307",424.9,Yes,Siemens,SWT-3.6-130 at 135m,"3,600",130,135,"Siemens SWT-3.6-130 3600 130.0 !O! hub: 135,0 m (TOT: 200,0 m) (1188)",EMD,Level 0 - Calculated - Std. 106dB - 04-2016,HOC-34,"12,607.85",84.6839,1,,7.53,99.3
26,New,H,"1,515,082","7,037,303",452.7,Yes,Siemens,SWT-3.6-130 at 135m,"3,600",130,135,"Siemens SWT-3.6-130 3600 130.0 !O! hub: 135,0 m (TOT: 200,0 m) (1189)",EMD,Level 0 - Calculated - Std. 106dB - 04-2016,HOC-35,"13,174.96",86.7279,1,,7.63,99.4
27,New,H,"1,510,807","7,038,884",440,Yes,Siemens,SWT-3.6-130 at 135m,"3,600",130,135,"Siemens SWT-3.6-130 3600 130.0 !O! hub: 135,0 m (TOT: 200,0 m) (1190)",EMD,Level 0 - Calculated - Std. 106dB - 04-2016,HOC-36,"13,655.37",89.0499,1,,7.67,99.4
28,New,H,"1,514,573","7,038,534",454.3,Yes,Siemens,SWT-3.6-130 at 135m,"3,600",130,135,"Siemens SWT-3.6-130 3600 130.0 !O! hub: 135,0 m (TOT: 200,0 m) (1191)",EMD,Level 0 - Calculated - Std. 106dB - 04-2016,HOC-37,"12,854.41",83.8901,1,,7.67,99.4
29,New,H,"1,513,293","7,039,252",443.7,Yes,Siemens,SWT-3.6-130 at 135m,"3,600",130,135,"Siemens SWT-3.6-130 3600 130.0 !O! hub: 135,0 m (TOT: 200,0 m) (1192)",EMD,Level 0 - Calculated - Std. 106dB - 04-2016,HOC-38,"13,427.75",86.8834,1,,7.71,99.4
30,New,H,"1,512,558","7,040,716",404,Yes,Siemens,SWT-3.6-130 at 135m,"3,600",130,135,"Siemens SWT-3.6-130 3600 130.0 !O! hub: 135,0 m (TOT: 200,0 m) (1193)",EMD,Level 0 - Calculated - Std. 106dB - 04-2016,HOC-39,"13,729.81",93.2284,1,,7.48,99.3
31,New,H,"1,513,623","7,039,649",450,Yes,Siemens,SWT-3.6-130 at 135m,"3,600",130,135,"Siemens SWT-3.6-130 3600 130.0 !O! hub: 135,0 m (TOT: 200,0 m) (1194)",EMD,Level 0 - Calculated - Std. 106dB - 04-2016,HOC-4,"13,013.95",83.3212,1,,7.77,99.5
32,New,H,"1,514,025","7,037,574",459.4,Yes,Siemens,SWT-3.6-130 at 135m,"3,600",130,135,"Siemens SWT-3.6-130 3600 130.0 !O! hub: 135,0 m (TOT: 200,0 m) (1195)",EMD,Level 0 - Calculated - Std. 106dB - 04-2016,HOC-40,"13,223.60",84.6921,1,,7.77,99.5
33,New,H,"1,509,931","7,037,915",447.6,Yes,Siemens,SWT-3.6-130 at 135m,"3,600",130,135,"Siemens SWT-3.6-130 3600 130.0 !O! hub: 135,0 m (TOT: 200,0 m) (1196)",EMD,Level 0 - Calculated - Std. 106dB - 04-2016,HOC-41,"13,197.36",89.6815,1,,7.48,99.3
34,New,H,"1,510,579","7,037,063",461,Yes,Siemens,SWT-3.6-130 at 135m,"3,600",130,135,"Siemens SWT-3.6-130 3600 130.0 !O! hub: 135,0 m (TOT: 200,0 m) (1197)",EMD,Level 0 - Calculated - Std. 106dB - 04-2016,HOC-42,"14,067.00",92.3127,1,,7.64,99.4
35,New,H,"1,513,522","7,038,429",446.1,Yes,Siemens,SWT-3.6-130 at 135m,"3,600",130,135,"Siemens SWT-3.6-130 3600 130.0 !O! hub: 135,0 m (TOT: 200,0 m) (1198)",EMD,Level 0 - Calculated - Std. 106dB - 04-2016,HOC-43,"13,006.25",84.884,1,,7.67,99.4
36,New,H,"1,513,014","7,038,136",439.9,Yes,Siemens,SWT-3.6-130 at 135m,"3,600",130,135,"Siemens SWT-3.6-130 3600 130.0 !O! hub: 135,0 m (TOT: 200,0 m) (1199)",EMD,Level 0 - Calculated - Std. 106dB - 04-2016,HOC-44,"13,799.66",91.5359,1,,7.58,99.3
37,New,H,"1,514,351","7,036,700",430,Yes,Siemens,SWT-3.6-130 at 135m,"3,600",130,135,"Siemens SWT-3.6-130 3600 130.0 !O! hub: 135,0 m (TOT: 200,0 m) (1200)",EMD,Level 0 - Calculated - Std. 106dB - 04-2016,HOC-45,"13,118.05",91.5379,1,,7.35,99.3
38,New,H,"1,514,508","7,038,972",470,Yes,Siemens,SWT-3.6-130 at 135m,"3,600",130,135,"Siemens SWT-3.6-130 3600 130.0 !O! hub: 135,0 m (TOT: 200,0 m) (1201)",EMD,Level 0 - Calculated - Std. 106dB - 04-2016,HOC-6,"13,327.75",82.9538,1,,7.92,99.6
39,New,H,"1,511,167","7,038,483",420,Yes,Siemens,SWT-3.6-130 at 135m,"3,600",130,135,"Siemens SWT-3.6-130 3600 130.0 !O! hub: 135,0 m (TOT: 200,0 m) (1202)",EMD,Level 0 - Calculated - Std. 106dB - 04-2016,HOC-7,"12,492.07",84.7154,1,,7.48,99.3
40,New,H,"1,511,280","7,037,611",439.9,Yes,Siemens,SWT-3.6-130 at 135m,"3,600",130,135,"Siemens SWT-3.6-130 3600 130.0 !O! hub: 135,0 m (TOT: 200,0 m) (1203)",EMD,Level 0 - Calculated - Std. 106dB - 04-2016,HOC-8,"12,830.90",85.9378,1,,7.54,99.3
41,New,H,"1,513,427","7,038,832",452.3,Yes,Siemens,SWT-3.6-130 at 135m,"3,600",130,135,"Siemens SWT-3.6-130 3600 130.0 !O! hub: 135,0 m (TOT: 200,0 m) (1204)",EMD,Level 0 - Calculated - Std. 106dB - 04-2016,HOC-9,"13,285.49",84.7549,1,,7.78,99.5
